candidate_id,source_id,source_type,source_item_id,detected_at,published_at,title,authors,summary,source_url,access_url,doi,language,area_clep,flujo_editorial,priority,relevance_score,relevance_reasons,oa_status,dedupe_key,status,notes,summary_es,translation_engine,translation_status
CAND-538E05CC531B9E76,nep-pke,nep_report,https://d.repec.org/n?u=RePEc:new:wpaper:2610&r=pke,2026-10-02T18:29:35+00:00,,https://d.repec.org/n?u=RePEc:new:wpaper:2610,,,https://d.repec.org/n?u=RePEc:new:wpaper:2610&r=pke,https://d.repec.org/n?u=RePEc:new:wpaper:2610&r=pke,,,macroeconomia-dinero,novedad,10,0,sin_coincidencias,POR_VERIFICAR,728819f3441d3a64e8a28058,EVALUADO,Detectado en reporte oficial NEP; acceso abierto del documento aún no verificado.,,,
CAND-7F141680202C1094,nep-pke,nep_report,https://d.repec.org/n?u=RePEc:pke:wpaper:pkwp2619&r=pke,2026-10-02T18:29:35+00:00,,https://d.repec.org/n?u=RePEc:pke:wpaper:pkwp2619,,,https://d.repec.org/n?u=RePEc:pke:wpaper:pkwp2619&r=pke,https://d.repec.org/n?u=RePEc:pke:wpaper:pkwp2619&r=pke,,,macroeconomia-dinero,novedad,10,0,sin_coincidencias,POR_VERIFICAR,fd2c3aebbe614a9da52c76ac,EVALUADO,Detectado en reporte oficial NEP; acceso abierto del documento aún no verificado.,,,
CAND-4DD3F63495EB8AE3,nep-pke,nep_report,https://d.repec.org/n?u=RePEc:zbw:esprep:343301&r=pke,2026-10-02T18:29:35+00:00,,https://d.repec.org/n?u=RePEc:zbw:esprep:343301,,,https://d.repec.org/n?u=RePEc:zbw:esprep:343301&r=pke,https://d.repec.org/n?u=RePEc:zbw:esprep:343301&r=pke,,,macroeconomia-dinero,novedad,10,0,sin_coincidencias,POR_VERIFICAR,f289844ff3c58ceb8c77fcf7,EVALUADO,Detectado en reporte oficial NEP; acceso abierto del documento aún no verificado.,,,
CAND-4975C4B526EEE49E,nep-pke,nep_report,https://d.repec.org/n?u=RePEc:ehl:lserod:127175&r=pke,2026-10-02T18:29:35+00:00,,https://d.repec.org/n?u=RePEc:ehl:lserod:127175,,,https://d.repec.org/n?u=RePEc:ehl:lserod:127175&r=pke,https://d.repec.org/n?u=RePEc:ehl:lserod:127175&r=pke,,,macroeconomia-dinero,novedad,10,0,sin_coincidencias,POR_VERIFICAR,4a926e416bbea2fc05e5073d,EVALUADO,Detectado en reporte oficial NEP; acceso abierto del documento aún no verificado.,,,
CAND-197ECE440BCDCE70,nep-pke,nep_report,https://d.repec.org/n?u=RePEc:nmp:nuland:4609&r=pke,2026-10-02T18:29:35+00:00,,https://d.repec.org/n?u=RePEc:nmp:nuland:4609,,,https://d.repec.org/n?u=RePEc:nmp:nuland:4609&r=pke,https://d.repec.org/n?u=RePEc:nmp:nuland:4609&r=pke,,,macroeconomia-dinero,novedad,10,0,sin_coincidencias,POR_VERIFICAR,2c47110401f3a623955ad7b3,EVALUADO,Detectado en reporte oficial NEP; acceso abierto del documento aún no verificado.,,,
CAND-6042FC073ABCFD64,nep-pke,nep_report,https://d.repec.org/n?u=RePEc:zbw:glodps:1823&r=pke,2026-10-02T18:29:35+00:00,,https://d.repec.org/n?u=RePEc:zbw:glodps:1823,,,https://d.repec.org/n?u=RePEc:zbw:glodps:1823&r=pke,https://d.repec.org/n?u=RePEc:zbw:glodps:1823&r=pke,,,macroeconomia-dinero,novedad,10,0,sin_coincidencias,POR_VERIFICAR,20b7e0f545a88b0241108a21,EVALUADO,Detectado en reporte oficial NEP; acceso abierto del documento aún no verificado.,,,
CAND-FCF5D701487D67D7,nep-pke,nep_report,https://d.repec.org/n?u=RePEc:usi:wpaper:946&r=pke,2026-10-02T18:29:35+00:00,,https://d.repec.org/n?u=RePEc:usi:wpaper:946,,,https://d.repec.org/n?u=RePEc:usi:wpaper:946&r=pke,https://d.repec.org/n?u=RePEc:usi:wpaper:946&r=pke,,,macroeconomia-dinero,novedad,10,0,sin_coincidencias,POR_VERIFICAR,817d783037bdd2942ec4653f,EVALUADO,Detectado en reporte oficial NEP; acceso abierto del documento aún no verificado.,,,
CAND-B92EB4B4DD3B803E,nep-pke,nep_report,https://d.repec.org/n?u=RePEc:war:wpaper:2026-30&r=pke,2026-10-02T18:29:35+00:00,,https://d.repec.org/n?u=RePEc:war:wpaper:2026-30,,,https://d.repec.org/n?u=RePEc:war:wpaper:2026-30&r=pke,https://d.repec.org/n?u=RePEc:war:wpaper:2026-30&r=pke,,,macroeconomia-dinero,novedad,10,0,sin_coincidencias,POR_VERIFICAR,b735f506307439bf8690bd6a,EVALUADO,Detectado en reporte oficial NEP; acceso abierto del documento aún no verificado.,,,
CAND-CDF1D7BB77B434AC,nep-pke,nep_report,https://d.repec.org/n?u=RePEc:osf:socarx:5j4rp_v2&r=pke,2026-10-02T18:29:35+00:00,,https://d.repec.org/n?u=RePEc:osf:socarx:5j4rp_v2,,,https://d.repec.org/n?u=RePEc:osf:socarx:5j4rp_v2&r=pke,https://d.repec.org/n?u=RePEc:osf:socarx:5j4rp_v2&r=pke,,,macroeconomia-dinero,novedad,10,0,sin_coincidencias,POR_VERIFICAR,dbe45c42720ba2d4fc55e61c,EVALUADO,Detectado en reporte oficial NEP; acceso abierto del documento aún no verificado.,,,
CAND-7A46E1A9B66C9B08,nep-hme,nep_report,https://d.repec.org/n?u=RePEc:usi:wpaper:946&r=hme,2026-10-02T18:29:35+00:00,,https://d.repec.org/n?u=RePEc:usi:wpaper:946,,,https://d.repec.org/n?u=RePEc:usi:wpaper:946&r=hme,https://d.repec.org/n?u=RePEc:usi:wpaper:946&r=hme,,,microeconomia-organizacion,novedad,15,0,sin_coincidencias,POR_VERIFICAR,2ee3255e89d23021056f757c,EVALUADO,Detectado en reporte oficial NEP; acceso abierto del documento aún no verificado.,,,
CAND-5AF2A621BD0A8ACA,nep-hme,nep_report,https://d.repec.org/n?u=RePEc:new:wpaper:2610&r=hme,2026-10-02T18:29:35+00:00,,https://d.repec.org/n?u=RePEc:new:wpaper:2610,,,https://d.repec.org/n?u=RePEc:new:wpaper:2610&r=hme,https://d.repec.org/n?u=RePEc:new:wpaper:2610&r=hme,,,microeconomia-organizacion,novedad,15,0,sin_coincidencias,POR_VERIFICAR,9436528dc122ee2bb0310b05,EVALUADO,Detectado en reporte oficial NEP; acceso abierto del documento aún no verificado.,,,
CAND-7D9F955D8AB6CE4A,nep-hme,nep_report,https://d.repec.org/n?u=RePEc:osf:socarx:c5z79_v1&r=hme,2026-10-02T18:29:35+00:00,,https://d.repec.org/n?u=RePEc:osf:socarx:c5z79_v1,,,https://d.repec.org/n?u=RePEc:osf:socarx:c5z79_v1&r=hme,https://d.repec.org/n?u=RePEc:osf:socarx:c5z79_v1&r=hme,,,microeconomia-organizacion,novedad,15,0,sin_coincidencias,POR_VERIFICAR,55871e30fcb39f250c90e0f7,EVALUADO,Detectado en reporte oficial NEP; acceso abierto del documento aún no verificado.,,,
CAND-3F55A8ECB38D5E18,nep-hme,nep_report,https://d.repec.org/n?u=RePEc:ehl:lserod:140522&r=hme,2026-10-02T18:29:35+00:00,,https://d.repec.org/n?u=RePEc:ehl:lserod:140522,,,https://d.repec.org/n?u=RePEc:ehl:lserod:140522&r=hme,https://d.repec.org/n?u=RePEc:ehl:lserod:140522&r=hme,,,microeconomia-organizacion,novedad,15,0,sin_coincidencias,POR_VERIFICAR,753fc31615a618b446dbfd89,EVALUADO,Detectado en reporte oficial NEP; acceso abierto del documento aún no verificado.,,,
CAND-758E5D0BF1445F83,nep-hme,nep_report,https://d.repec.org/n?u=RePEc:war:wpaper:2026-31&r=hme,2026-10-02T18:29:35+00:00,,https://d.repec.org/n?u=RePEc:war:wpaper:2026-31,,,https://d.repec.org/n?u=RePEc:war:wpaper:2026-31&r=hme,https://d.repec.org/n?u=RePEc:war:wpaper:2026-31&r=hme,,,microeconomia-organizacion,novedad,15,0,sin_coincidencias,POR_VERIFICAR,12002e1177e2476b5fb7408b,EVALUADO,Detectado en reporte oficial NEP; acceso abierto del documento aún no verificado.,,,
CAND-14C6F2292662933A,nep-hme,nep_report,https://d.repec.org/n?u=RePEc:zbw:ieadps:343991&r=hme,2026-10-02T18:29:35+00:00,,https://d.repec.org/n?u=RePEc:zbw:ieadps:343991,,,https://d.repec.org/n?u=RePEc:zbw:ieadps:343991&r=hme,https://d.repec.org/n?u=RePEc:zbw:ieadps:343991&r=hme,,,microeconomia-organizacion,novedad,15,0,sin_coincidencias,POR_VERIFICAR,3dafc61b681a78bcb6130631,EVALUADO,Detectado en reporte oficial NEP; acceso abierto del documento aún no verificado.,,,
CAND-B227F8C5EAF6031F,nep-hme,nep_report,https://d.repec.org/n?u=RePEc:ehl:lserod:127175&r=hme,2026-10-02T18:29:35+00:00,,https://d.repec.org/n?u=RePEc:ehl:lserod:127175,,,https://d.repec.org/n?u=RePEc:ehl:lserod:127175&r=hme,https://d.repec.org/n?u=RePEc:ehl:lserod:127175&r=hme,,,microeconomia-organizacion,novedad,15,0,sin_coincidencias,POR_VERIFICAR,517ad2df0439c424bfca26f7,EVALUADO,Detectado en reporte oficial NEP; acceso abierto del documento aún no verificado.,,,
CAND-00667A602648E2A3,nep-hme,nep_report,https://d.repec.org/n?u=RePEc:war:wpaper:2026-29&r=hme,2026-10-02T18:29:35+00:00,,https://d.repec.org/n?u=RePEc:war:wpaper:2026-29,,,https://d.repec.org/n?u=RePEc:war:wpaper:2026-29&r=hme,https://d.repec.org/n?u=RePEc:war:wpaper:2026-29&r=hme,,,microeconomia-organizacion,novedad,15,0,sin_coincidencias,POR_VERIFICAR,017aed5daf8c0e2629e87089,EVALUADO,Detectado en reporte oficial NEP; acceso abierto del documento aún no verificado.,,,
CAND-0243D0EF57BD24C5,nep-hme,nep_report,https://d.repec.org/n?u=RePEc:pke:wpaper:pkwp2619&r=hme,2026-10-02T18:29:35+00:00,,https://d.repec.org/n?u=RePEc:pke:wpaper:pkwp2619,,,https://d.repec.org/n?u=RePEc:pke:wpaper:pkwp2619&r=hme,https://d.repec.org/n?u=RePEc:pke:wpaper:pkwp2619&r=hme,,,microeconomia-organizacion,novedad,15,0,sin_coincidencias,POR_VERIFICAR,bd10467ea27404367a8f2ba7,EVALUADO,Detectado en reporte oficial NEP; acceso abierto del documento aún no verificado.,,,
CAND-63612612BAF4F21B,nep-hme,nep_report,https://d.repec.org/n?u=RePEc:ulp:sbbeta:2026-30&r=hme,2026-10-02T18:29:35+00:00,,https://d.repec.org/n?u=RePEc:ulp:sbbeta:2026-30,,,https://d.repec.org/n?u=RePEc:ulp:sbbeta:2026-30&r=hme,https://d.repec.org/n?u=RePEc:ulp:sbbeta:2026-30&r=hme,,,microeconomia-organizacion,novedad,15,0,sin_coincidencias,POR_VERIFICAR,be4f0cc29018617df1004e2b,EVALUADO,Detectado en reporte oficial NEP; acceso abierto del documento aún no verificado.,,,
CAND-712F5700CCD80026,nep-hme,nep_report,https://d.repec.org/n?u=RePEc:ulp:sbbeta:2026-29&r=hme,2026-10-02T18:29:35+00:00,,https://d.repec.org/n?u=RePEc:ulp:sbbeta:2026-29,,,https://d.repec.org/n?u=RePEc:ulp:sbbeta:2026-29&r=hme,https://d.repec.org/n?u=RePEc:ulp:sbbeta:2026-29&r=hme,,,microeconomia-organizacion,novedad,15,0,sin_coincidencias,POR_VERIFICAR,e5b90e3c5ff984a7613bb841,EVALUADO,Detectado en reporte oficial NEP; acceso abierto del documento aún no verificado.,,,
CAND-06413FE8B97F35BE,nep-hme,nep_report,https://d.repec.org/n?u=RePEc:war:wpaper:2026-28&r=hme,2026-10-02T18:29:35+00:00,,https://d.repec.org/n?u=RePEc:war:wpaper:2026-28,,,https://d.repec.org/n?u=RePEc:war:wpaper:2026-28&r=hme,https://d.repec.org/n?u=RePEc:war:wpaper:2026-28&r=hme,,,microeconomia-organizacion,novedad,15,0,sin_coincidencias,POR_VERIFICAR,22937991e68d51fbbc6d7338,EVALUADO,Detectado en reporte oficial NEP; acceso abierto del documento aún no verificado.,,,
CAND-66BFFB7177006F30,nep-hme,nep_report,https://d.repec.org/n?u=RePEc:pre:wpaper:202625&r=hme,2026-10-02T18:29:35+00:00,,https://d.repec.org/n?u=RePEc:pre:wpaper:202625,,,https://d.repec.org/n?u=RePEc:pre:wpaper:202625&r=hme,https://d.repec.org/n?u=RePEc:pre:wpaper:202625&r=hme,,,microeconomia-organizacion,novedad,15,0,sin_coincidencias,POR_VERIFICAR,42ca1450294218ba67a5c9af,EVALUADO,Detectado en reporte oficial NEP; acceso abierto del documento aún no verificado.,,,
CAND-4BCCB2EC560D432B,nep-hme,nep_report,https://d.repec.org/n?u=RePEc:ehl:lserod:140913&r=hme,2026-10-02T18:29:35+00:00,,https://d.repec.org/n?u=RePEc:ehl:lserod:140913,,,https://d.repec.org/n?u=RePEc:ehl:lserod:140913&r=hme,https://d.repec.org/n?u=RePEc:ehl:lserod:140913&r=hme,,,microeconomia-organizacion,novedad,15,0,sin_coincidencias,POR_VERIFICAR,aeb9d03479d9398570c4e7dc,EVALUADO,Detectado en reporte oficial NEP; acceso abierto del documento aún no verificado.,,,
CAND-0EF90EF26C0ACDE7,nep-hme,nep_report,https://d.repec.org/n?u=RePEc:ehl:lserod:138949&r=hme,2026-10-02T18:29:35+00:00,,https://d.repec.org/n?u=RePEc:ehl:lserod:138949,,,https://d.repec.org/n?u=RePEc:ehl:lserod:138949&r=hme,https://d.repec.org/n?u=RePEc:ehl:lserod:138949&r=hme,,,microeconomia-organizacion,novedad,15,0,sin_coincidencias,POR_VERIFICAR,dcb2abdcf8c3559993a89ca2,EVALUADO,Detectado en reporte oficial NEP; acceso abierto del documento aún no verificado.,,,
CAND-B5555C604C435031,nep-hme,nep_report,https://d.repec.org/n?u=RePEc:ehl:lserod:141035&r=hme,2026-10-02T18:29:35+00:00,,https://d.repec.org/n?u=RePEc:ehl:lserod:141035,,,https://d.repec.org/n?u=RePEc:ehl:lserod:141035&r=hme,https://d.repec.org/n?u=RePEc:ehl:lserod:141035&r=hme,,,microeconomia-organizacion,novedad,15,0,sin_coincidencias,POR_VERIFICAR,4b459213a95b0282273faac7,EVALUADO,Detectado en reporte oficial NEP; acceso abierto del documento aún no verificado.,,,
CAND-9BC2D75C51368675,nep-mon,nep_report,https://d.repec.org/n?u=RePEc:bca:bocsap:26-43&r=mon,2026-10-02T18:29:35+00:00,,https://d.repec.org/n?u=RePEc:bca:bocsap:26-43,,,https://d.repec.org/n?u=RePEc:bca:bocsap:26-43&r=mon,https://d.repec.org/n?u=RePEc:bca:bocsap:26-43&r=mon,,,macroeconomia-dinero,novedad,20,0,sin_coincidencias,POR_VERIFICAR,a8a4b1e3930fa8d241360601,EVALUADO,Detectado en reporte oficial NEP; acceso abierto del documento aún no verificado.,,,
CAND-4254E02044E9AD88,nep-mon,nep_report,https://d.repec.org/n?u=RePEc:osf:socarx:yvwhe_v1&r=mon,2026-10-02T18:29:35+00:00,,https://d.repec.org/n?u=RePEc:osf:socarx:yvwhe_v1,,,https://d.repec.org/n?u=RePEc:osf:socarx:yvwhe_v1&r=mon,https://d.repec.org/n?u=RePEc:osf:socarx:yvwhe_v1&r=mon,,,macroeconomia-dinero,novedad,20,0,sin_coincidencias,POR_VERIFICAR,173f17d81e6433369f6fd9dc,EVALUADO,Detectado en reporte oficial NEP; acceso abierto del documento aún no verificado.,,,
CAND-6543C1DC108BA2DF,nep-mon,nep_report,https://d.repec.org/n?u=RePEc:osf:socarx:es7wf_v1&r=mon,2026-10-02T18:29:35+00:00,,https://d.repec.org/n?u=RePEc:osf:socarx:es7wf_v1,,,https://d.repec.org/n?u=RePEc:osf:socarx:es7wf_v1&r=mon,https://d.repec.org/n?u=RePEc:osf:socarx:es7wf_v1&r=mon,,,macroeconomia-dinero,novedad,20,0,sin_coincidencias,POR_VERIFICAR,cae2980dbbdff7f8bf3a0758,EVALUADO,Detectado en reporte oficial NEP; acceso abierto del documento aún no verificado.,,,
CAND-6E0B83620B99F257,nep-mon,nep_report,https://d.repec.org/n?u=RePEc:pui:dpaper:263&r=mon,2026-10-02T18:29:35+00:00,,https://d.repec.org/n?u=RePEc:pui:dpaper:263,,,https://d.repec.org/n?u=RePEc:pui:dpaper:263&r=mon,https://d.repec.org/n?u=RePEc:pui:dpaper:263&r=mon,,,macroeconomia-dinero,novedad,20,0,sin_coincidencias,POR_VERIFICAR,d7dbeb1c7fe48640c6bc4428,EVALUADO,Detectado en reporte oficial NEP; acceso abierto del documento aún no verificado.,,,
CAND-51DB5695A82B665B,nep-mon,nep_report,https://d.repec.org/n?u=RePEc:nbr:nberwo:35768&r=mon,2026-10-02T18:29:35+00:00,,https://d.repec.org/n?u=RePEc:nbr:nberwo:35768,,,https://d.repec.org/n?u=RePEc:nbr:nberwo:35768&r=mon,https://d.repec.org/n?u=RePEc:nbr:nberwo:35768&r=mon,,,macroeconomia-dinero,novedad,20,0,sin_coincidencias,POR_VERIFICAR,bcb462c3e7b13eb71a13597d,EVALUADO,Detectado en reporte oficial NEP; acceso abierto del documento aún no verificado.,,,
CAND-76FB52C0069E7163,nep-mon,nep_report,https://d.repec.org/n?u=RePEc:bdi:opques:qef_1051_26&r=mon,2026-10-02T18:29:35+00:00,,https://d.repec.org/n?u=RePEc:bdi:opques:qef_1051_26,,,https://d.repec.org/n?u=RePEc:bdi:opques:qef_1051_26&r=mon,https://d.repec.org/n?u=RePEc:bdi:opques:qef_1051_26&r=mon,,,macroeconomia-dinero,novedad,20,0,sin_coincidencias,POR_VERIFICAR,acbd3d79b0ba2c4b455ebedb,EVALUADO,Detectado en reporte oficial NEP; acceso abierto del documento aún no verificado.,,,
CAND-AEC29861E622520C,nep-mon,nep_report,https://d.repec.org/n?u=RePEc:bca:bocsap:26-40&r=mon,2026-10-02T18:29:35+00:00,,https://d.repec.org/n?u=RePEc:bca:bocsap:26-40,,,https://d.repec.org/n?u=RePEc:bca:bocsap:26-40&r=mon,https://d.repec.org/n?u=RePEc:bca:bocsap:26-40&r=mon,,,macroeconomia-dinero,novedad,20,0,sin_coincidencias,POR_VERIFICAR,6b6780bec0a07edb7de5f41a,EVALUADO,Detectado en reporte oficial NEP; acceso abierto del documento aún no verificado.,,,
CAND-9F9276CC803C96B8,nep-mon,nep_report,https://d.repec.org/n?u=RePEc:tse:wpaper:132139&r=mon,2026-10-02T18:29:35+00:00,,https://d.repec.org/n?u=RePEc:tse:wpaper:132139,,,https://d.repec.org/n?u=RePEc:tse:wpaper:132139&r=mon,https://d.repec.org/n?u=RePEc:tse:wpaper:132139&r=mon,,,macroeconomia-dinero,novedad,20,0,sin_coincidencias,POR_VERIFICAR,ca48619073956fe63f76cd21,EVALUADO,Detectado en reporte oficial NEP; acceso abierto del documento aún no verificado.,,,
CAND-3066D09FBFCE4EC7,nep-mon,nep_report,https://d.repec.org/n?u=RePEc:zbw:esprep:343664&r=mon,2026-10-02T18:29:35+00:00,,https://d.repec.org/n?u=RePEc:zbw:esprep:343664,,,https://d.repec.org/n?u=RePEc:zbw:esprep:343664&r=mon,https://d.repec.org/n?u=RePEc:zbw:esprep:343664&r=mon,,,macroeconomia-dinero,novedad,20,0,sin_coincidencias,POR_VERIFICAR,0cbf5a155cb4e15fa183056c,EVALUADO,Detectado en reporte oficial NEP; acceso abierto del documento aún no verificado.,,,
CAND-1849574D8AEA0346,nep-mon,nep_report,https://d.repec.org/n?u=RePEc:ecb:ecbwps:20263289&r=mon,2026-10-02T18:29:35+00:00,,https://d.repec.org/n?u=RePEc:ecb:ecbwps:20263289,,,https://d.repec.org/n?u=RePEc:ecb:ecbwps:20263289&r=mon,https://d.repec.org/n?u=RePEc:ecb:ecbwps:20263289&r=mon,,,macroeconomia-dinero,novedad,20,0,sin_coincidencias,POR_VERIFICAR,3ecc3163e982e9c18d8ac084,EVALUADO,Detectado en reporte oficial NEP; acceso abierto del documento aún no verificado.,,,
CAND-A309052DAAF0F131,nep-mon,nep_report,https://d.repec.org/n?u=RePEc:npf:wpaper:26/450&r=mon,2026-10-02T18:29:35+00:00,,https://d.repec.org/n?u=RePEc:npf:wpaper:26/450,,,https://d.repec.org/n?u=RePEc:npf:wpaper:26/450&r=mon,https://d.repec.org/n?u=RePEc:npf:wpaper:26/450&r=mon,,,macroeconomia-dinero,novedad,20,0,sin_coincidencias,POR_VERIFICAR,9208314aeb5c369640a2578f,EVALUADO,Detectado en reporte oficial NEP; acceso abierto del documento aún no verificado.,,,
CAND-0286444C0D1D3E6C,nep-mon,nep_report,https://d.repec.org/n?u=RePEc:bca:bocsap:26-44&r=mon,2026-10-02T18:29:35+00:00,,https://d.repec.org/n?u=RePEc:bca:bocsap:26-44,,,https://d.repec.org/n?u=RePEc:bca:bocsap:26-44&r=mon,https://d.repec.org/n?u=RePEc:bca:bocsap:26-44&r=mon,,,macroeconomia-dinero,novedad,20,0,sin_coincidencias,POR_VERIFICAR,f0a18038dcc5fec705844ed3,EVALUADO,Detectado en reporte oficial NEP; acceso abierto del documento aún no verificado.,,,
CAND-A7D9C588FBB84C2F,nep-mon,nep_report,https://d.repec.org/n?u=RePEc:fip:feddwp:103794&r=mon,2026-10-02T18:29:35+00:00,,https://d.repec.org/n?u=RePEc:fip:feddwp:103794,,,https://d.repec.org/n?u=RePEc:fip:feddwp:103794&r=mon,https://d.repec.org/n?u=RePEc:fip:feddwp:103794&r=mon,,,macroeconomia-dinero,novedad,20,0,sin_coincidencias,POR_VERIFICAR,f5020cea9f95fbbbab3ed782,EVALUADO,Detectado en reporte oficial NEP; acceso abierto del documento aún no verificado.,,,
CAND-8533A54564EAD7A8,nep-mon,nep_report,https://d.repec.org/n?u=RePEc:boc:carp26:10&r=mon,2026-10-02T18:29:35+00:00,,https://d.repec.org/n?u=RePEc:boc:carp26:10,,,https://d.repec.org/n?u=RePEc:boc:carp26:10&r=mon,https://d.repec.org/n?u=RePEc:boc:carp26:10&r=mon,,,macroeconomia-dinero,novedad,20,0,sin_coincidencias,POR_VERIFICAR,6e82ce7eff70b66bbe5b561c,EVALUADO,Detectado en reporte oficial NEP; acceso abierto del documento aún no verificado.,,,
CAND-07D04162E832C138,nep-mon,nep_report,https://d.repec.org/n?u=RePEc:een:camaaa:2026-83&r=mon,2026-10-02T18:29:35+00:00,,https://d.repec.org/n?u=RePEc:een:camaaa:2026-83,,,https://d.repec.org/n?u=RePEc:een:camaaa:2026-83&r=mon,https://d.repec.org/n?u=RePEc:een:camaaa:2026-83&r=mon,,,macroeconomia-dinero,novedad,20,0,sin_coincidencias,POR_VERIFICAR,a9766435464a2371bf61f41d,EVALUADO,Detectado en reporte oficial NEP; acceso abierto del documento aún no verificado.,,,
CAND-8027B5743D4C2175,nep-mon,nep_report,https://d.repec.org/n?u=RePEc:ufb:wpaper:103&r=mon,2026-10-02T18:29:35+00:00,,https://d.repec.org/n?u=RePEc:ufb:wpaper:103,,,https://d.repec.org/n?u=RePEc:ufb:wpaper:103&r=mon,https://d.repec.org/n?u=RePEc:ufb:wpaper:103&r=mon,,,macroeconomia-dinero,novedad,20,0,sin_coincidencias,POR_VERIFICAR,c30805701422a85641adbdbe,EVALUADO,Detectado en reporte oficial NEP; acceso abierto del documento aún no verificado.,,,
CAND-0B8179D76B6B7DCE,nep-mon,nep_report,https://d.repec.org/n?u=RePEc:aze:wpaper:1901&r=mon,2026-10-02T18:29:35+00:00,,https://d.repec.org/n?u=RePEc:aze:wpaper:1901,,,https://d.repec.org/n?u=RePEc:aze:wpaper:1901&r=mon,https://d.repec.org/n?u=RePEc:aze:wpaper:1901&r=mon,,,macroeconomia-dinero,novedad,20,0,sin_coincidencias,POR_VERIFICAR,b55308b112c706679b862ebc,EVALUADO,Detectado en reporte oficial NEP; acceso abierto del documento aún no verificado.,,,
CAND-2BB5A26A60BA27E7,nep-mon,nep_report,https://d.repec.org/n?u=RePEc:ecb:ecbwps:20263288&r=mon,2026-10-02T18:29:35+00:00,,https://d.repec.org/n?u=RePEc:ecb:ecbwps:20263288,,,https://d.repec.org/n?u=RePEc:ecb:ecbwps:20263288&r=mon,https://d.repec.org/n?u=RePEc:ecb:ecbwps:20263288&r=mon,,,macroeconomia-dinero,novedad,20,0,sin_coincidencias,POR_VERIFICAR,fc2f43bbfc018c0afc4c63cb,EVALUADO,Detectado en reporte oficial NEP; acceso abierto del documento aún no verificado.,,,
CAND-E40896C51F764080,nep-mon,nep_report,https://d.repec.org/n?u=RePEc:ces:ceswps:_12980&r=mon,2026-10-02T18:29:35+00:00,,https://d.repec.org/n?u=RePEc:ces:ceswps:_12980,,,https://d.repec.org/n?u=RePEc:ces:ceswps:_12980&r=mon,https://d.repec.org/n?u=RePEc:ces:ceswps:_12980&r=mon,,,macroeconomia-dinero,novedad,20,0,sin_coincidencias,POR_VERIFICAR,303e7a3871b70cc163261718,EVALUADO,Detectado en reporte oficial NEP; acceso abierto del documento aún no verificado.,,,
CAND-FAAD75C7289A0D51,nep-mon,nep_report,https://d.repec.org/n?u=RePEc:pid:kbrief:2026:152&r=mon,2026-10-02T18:29:35+00:00,,https://d.repec.org/n?u=RePEc:pid:kbrief:2026:152,,,https://d.repec.org/n?u=RePEc:pid:kbrief:2026:152&r=mon,https://d.repec.org/n?u=RePEc:pid:kbrief:2026:152&r=mon,,,macroeconomia-dinero,novedad,20,0,sin_coincidencias,POR_VERIFICAR,2b2a9ca0d36ad65b82899b0a,EVALUADO,Detectado en reporte oficial NEP; acceso abierto del documento aún no verificado.,,,
CAND-6CDA90BC1FCF87E2,nep-mon,nep_report,https://d.repec.org/n?u=RePEc:tcb:wpaper:2617&r=mon,2026-10-02T18:29:35+00:00,,https://d.repec.org/n?u=RePEc:tcb:wpaper:2617,,,https://d.repec.org/n?u=RePEc:tcb:wpaper:2617&r=mon,https://d.repec.org/n?u=RePEc:tcb:wpaper:2617&r=mon,,,macroeconomia-dinero,novedad,20,0,sin_coincidencias,POR_VERIFICAR,c9729f736ceab2e51a32679e,EVALUADO,Detectado en reporte oficial NEP; acceso abierto del documento aún no verificado.,,,
CAND-099989C7BCF30D5F,nep-mon,nep_report,https://d.repec.org/n?u=RePEc:bdi:opques:qef_1053_26&r=mon,2026-10-02T18:29:35+00:00,,https://d.repec.org/n?u=RePEc:bdi:opques:qef_1053_26,,,https://d.repec.org/n?u=RePEc:bdi:opques:qef_1053_26&r=mon,https://d.repec.org/n?u=RePEc:bdi:opques:qef_1053_26&r=mon,,,macroeconomia-dinero,novedad,20,0,sin_coincidencias,POR_VERIFICAR,a80c48dfcdccb59f0220bfb5,EVALUADO,Detectado en reporte oficial NEP; acceso abierto del documento aún no verificado.,,,
CAND-62445B74C62C61D7,nep-mon,nep_report,https://d.repec.org/n?u=RePEc:ash:wpaper:169&r=mon,2026-10-02T18:29:35+00:00,,https://d.repec.org/n?u=RePEc:ash:wpaper:169,,,https://d.repec.org/n?u=RePEc:ash:wpaper:169&r=mon,https://d.repec.org/n?u=RePEc:ash:wpaper:169&r=mon,,,macroeconomia-dinero,novedad,20,0,sin_coincidencias,POR_VERIFICAR,ff8ac175eddc7f50b894d886,EVALUADO,Detectado en reporte oficial NEP; acceso abierto del documento aún no verificado.,,,
CAND-7BD90F154E2D2D10,nep-mon,nep_report,https://d.repec.org/n?u=RePEc:bca:bocawp:26-31&r=mon,2026-10-02T18:29:35+00:00,,https://d.repec.org/n?u=RePEc:bca:bocawp:26-31,,,https://d.repec.org/n?u=RePEc:bca:bocawp:26-31&r=mon,https://d.repec.org/n?u=RePEc:bca:bocawp:26-31&r=mon,,,macroeconomia-dinero,novedad,20,0,sin_coincidencias,POR_VERIFICAR,9dfade17ce59b48d93123121,EVALUADO,Detectado en reporte oficial NEP; acceso abierto del documento aún no verificado.,,,
CAND-B965DA6B3E2BCAEC,nep-mon,nep_report,https://d.repec.org/n?u=RePEc:bdi:opques:qef_1047_26&r=mon,2026-10-02T18:29:35+00:00,,https://d.repec.org/n?u=RePEc:bdi:opques:qef_1047_26,,,https://d.repec.org/n?u=RePEc:bdi:opques:qef_1047_26&r=mon,https://d.repec.org/n?u=RePEc:bdi:opques:qef_1047_26&r=mon,,,macroeconomia-dinero,novedad,20,0,sin_coincidencias,POR_VERIFICAR,c64631eec3f72524fe2cc3ef,EVALUADO,Detectado en reporte oficial NEP; acceso abierto del documento aún no verificado.,,,
CAND-844A80B1435D6D22,nep-mon,nep_report,https://d.repec.org/n?u=RePEc:ehl:lserod:140876&r=mon,2026-10-02T18:29:35+00:00,,https://d.repec.org/n?u=RePEc:ehl:lserod:140876,,,https://d.repec.org/n?u=RePEc:ehl:lserod:140876&r=mon,https://d.repec.org/n?u=RePEc:ehl:lserod:140876&r=mon,,,macroeconomia-dinero,novedad,20,0,sin_coincidencias,POR_VERIFICAR,31bc8c661afc09ab480d7ac5,EVALUADO,Detectado en reporte oficial NEP; acceso abierto del documento aún no verificado.,,,
CAND-879FA314C60CFEA4,nep-mon,nep_report,https://d.repec.org/n?u=RePEc:een:camaaa:2026-82&r=mon,2026-10-02T18:29:35+00:00,,https://d.repec.org/n?u=RePEc:een:camaaa:2026-82,,,https://d.repec.org/n?u=RePEc:een:camaaa:2026-82&r=mon,https://d.repec.org/n?u=RePEc:een:camaaa:2026-82&r=mon,,,macroeconomia-dinero,novedad,20,0,sin_coincidencias,POR_VERIFICAR,8b7b976f00bf17bdf7eeb3fa,EVALUADO,Detectado en reporte oficial NEP; acceso abierto del documento aún no verificado.,,,
CAND-E6B7F4A0E5B88B39,nep-mon,nep_report,https://d.repec.org/n?u=RePEc:boc:carp26:11&r=mon,2026-10-02T18:29:35+00:00,,https://d.repec.org/n?u=RePEc:boc:carp26:11,,,https://d.repec.org/n?u=RePEc:boc:carp26:11&r=mon,https://d.repec.org/n?u=RePEc:boc:carp26:11&r=mon,,,macroeconomia-dinero,novedad,20,0,sin_coincidencias,POR_VERIFICAR,db061d5d6ab9eacf8693880d,EVALUADO,Detectado en reporte oficial NEP; acceso abierto del documento aún no verificado.,,,
CAND-43948BCC486176BE,nep-mon,nep_report,https://d.repec.org/n?u=RePEc:ehl:lserod:140771&r=mon,2026-10-02T18:29:35+00:00,,https://d.repec.org/n?u=RePEc:ehl:lserod:140771,,,https://d.repec.org/n?u=RePEc:ehl:lserod:140771&r=mon,https://d.repec.org/n?u=RePEc:ehl:lserod:140771&r=mon,,,macroeconomia-dinero,novedad,20,0,sin_coincidencias,POR_VERIFICAR,1830c05f9296ff60516fb661,EVALUADO,Detectado en reporte oficial NEP; acceso abierto del documento aún no verificado.,,,
CAND-EDAD7A134B5E29A3,nep-mon,nep_report,https://d.repec.org/n?u=RePEc:apk:doctra:2607&r=mon,2026-10-02T18:29:35+00:00,,https://d.repec.org/n?u=RePEc:apk:doctra:2607,,,https://d.repec.org/n?u=RePEc:apk:doctra:2607&r=mon,https://d.repec.org/n?u=RePEc:apk:doctra:2607&r=mon,,,macroeconomia-dinero,novedad,20,0,sin_coincidencias,POR_VERIFICAR,6456f1669705dfce7260d5d5,EVALUADO,Detectado en reporte oficial NEP; acceso abierto del documento aún no verificado.,,,
CAND-DC8BF64FF41F84CC,nep-mon,nep_report,https://d.repec.org/n?u=RePEc:srk:srkops:202631&r=mon,2026-10-02T18:29:35+00:00,,https://d.repec.org/n?u=RePEc:srk:srkops:202631,,,https://d.repec.org/n?u=RePEc:srk:srkops:202631&r=mon,https://d.repec.org/n?u=RePEc:srk:srkops:202631&r=mon,,,macroeconomia-dinero,novedad,20,0,sin_coincidencias,POR_VERIFICAR,7aa1ca736a8cee18bfcaf3db,EVALUADO,Detectado en reporte oficial NEP; acceso abierto del documento aún no verificado.,,,
CAND-AD8875A43D0E991D,nep-mon,nep_report,https://d.repec.org/n?u=RePEc:nbr:nberwo:35742&r=mon,2026-10-02T18:29:35+00:00,,https://d.repec.org/n?u=RePEc:nbr:nberwo:35742,,,https://d.repec.org/n?u=RePEc:nbr:nberwo:35742&r=mon,https://d.repec.org/n?u=RePEc:nbr:nberwo:35742&r=mon,,,macroeconomia-dinero,novedad,20,0,sin_coincidencias,POR_VERIFICAR,461402b885caacdbab0ee086,EVALUADO,Detectado en reporte oficial NEP; acceso abierto del documento aún no verificado.,,,
CAND-13417EA3CAA92CF5,nep-mon,nep_report,https://d.repec.org/n?u=RePEc:aze:wpaper:1903&r=mon,2026-10-02T18:29:35+00:00,,https://d.repec.org/n?u=RePEc:aze:wpaper:1903,,,https://d.repec.org/n?u=RePEc:aze:wpaper:1903&r=mon,https://d.repec.org/n?u=RePEc:aze:wpaper:1903&r=mon,,,macroeconomia-dinero,novedad,20,0,sin_coincidencias,POR_VERIFICAR,b768878d2c51e89ea79eaea0,EVALUADO,Detectado en reporte oficial NEP; acceso abierto del documento aún no verificado.,,,
CAND-ABFC0F9E7CC0F2B7,nep-mon,nep_report,https://d.repec.org/n?u=RePEc:ecb:ecbwps:20263287&r=mon,2026-10-02T18:29:35+00:00,,https://d.repec.org/n?u=RePEc:ecb:ecbwps:20263287,,,https://d.repec.org/n?u=RePEc:ecb:ecbwps:20263287&r=mon,https://d.repec.org/n?u=RePEc:ecb:ecbwps:20263287&r=mon,,,macroeconomia-dinero,novedad,20,0,sin_coincidencias,POR_VERIFICAR,87e3f14f731b6e014663f2bb,EVALUADO,Detectado en reporte oficial NEP; acceso abierto del documento aún no verificado.,,,
CAND-FD6D28AB6A928CD2,nep-mon,nep_report,https://d.repec.org/n?u=RePEc:bca:bocawp:26-32&r=mon,2026-10-02T18:29:35+00:00,,https://d.repec.org/n?u=RePEc:bca:bocawp:26-32,,,https://d.repec.org/n?u=RePEc:bca:bocawp:26-32&r=mon,https://d.repec.org/n?u=RePEc:bca:bocawp:26-32&r=mon,,,macroeconomia-dinero,novedad,20,0,sin_coincidencias,POR_VERIFICAR,9b793fb09855ff40c8e07643,EVALUADO,Detectado en reporte oficial NEP; acceso abierto del documento aún no verificado.,,,
CAND-72B4E594060CDBE7,nep-mon,nep_report,https://d.repec.org/n?u=RePEc:arx:papers:2609.10544&r=mon,2026-10-02T18:29:35+00:00,,https://d.repec.org/n?u=RePEc:arx:papers:2609.10544,,,https://d.repec.org/n?u=RePEc:arx:papers:2609.10544&r=mon,https://d.repec.org/n?u=RePEc:arx:papers:2609.10544&r=mon,,,macroeconomia-dinero,novedad,20,0,sin_coincidencias,POR_VERIFICAR,a010c7b90d09ac4c97566954,EVALUADO,Detectado en reporte oficial NEP; acceso abierto del documento aún no verificado.,,,
CAND-F87D31C7FD1A5333,nep-mon,nep_report,https://d.repec.org/n?u=RePEc:boe:boeewp:023631&r=mon,2026-10-02T18:29:35+00:00,,https://d.repec.org/n?u=RePEc:boe:boeewp:023631,,,https://d.repec.org/n?u=RePEc:boe:boeewp:023631&r=mon,https://d.repec.org/n?u=RePEc:boe:boeewp:023631&r=mon,,,macroeconomia-dinero,novedad,20,0,sin_coincidencias,POR_VERIFICAR,c6f9d12c9e8e4b764279dfb5,EVALUADO,Detectado en reporte oficial NEP; acceso abierto del documento aún no verificado.,,,
CAND-53EBBC5973BA3176,nep-mon,nep_report,https://d.repec.org/n?u=RePEc:bca:bocawp:26-33&r=mon,2026-10-02T18:29:35+00:00,,https://d.repec.org/n?u=RePEc:bca:bocawp:26-33,,,https://d.repec.org/n?u=RePEc:bca:bocawp:26-33&r=mon,https://d.repec.org/n?u=RePEc:bca:bocawp:26-33&r=mon,,,macroeconomia-dinero,novedad,20,0,sin_coincidencias,POR_VERIFICAR,5c0b805ab72606ee243b3536,EVALUADO,Detectado en reporte oficial NEP; acceso abierto del documento aún no verificado.,,,
CAND-2ABEC2D12F113B97,nep-mon,nep_report,https://d.repec.org/n?u=RePEc:bca:bocsap:26-41&r=mon,2026-10-02T18:29:35+00:00,,https://d.repec.org/n?u=RePEc:bca:bocsap:26-41,,,https://d.repec.org/n?u=RePEc:bca:bocsap:26-41&r=mon,https://d.repec.org/n?u=RePEc:bca:bocsap:26-41&r=mon,,,macroeconomia-dinero,novedad,20,0,sin_coincidencias,POR_VERIFICAR,81f7ef92343f7038f3953771,EVALUADO,Detectado en reporte oficial NEP; acceso abierto del documento aún no verificado.,,,
CAND-0819E20EE6E98F46,nep-mon,nep_report,https://d.repec.org/n?u=RePEc:tcd:tcduee:tep1826&r=mon,2026-10-02T18:29:35+00:00,,https://d.repec.org/n?u=RePEc:tcd:tcduee:tep1826,,,https://d.repec.org/n?u=RePEc:tcd:tcduee:tep1826&r=mon,https://d.repec.org/n?u=RePEc:tcd:tcduee:tep1826&r=mon,,,macroeconomia-dinero,novedad,20,0,sin_coincidencias,POR_VERIFICAR,6f2a83387bc70bde9809e09f,EVALUADO,Detectado en reporte oficial NEP; acceso abierto del documento aún no verificado.,,,
CAND-F36A51E2E8550AC8,nep-mac,nep_report,https://d.repec.org/n?u=RePEc:dpr:wpaper:1306&r=mac,2026-10-02T18:29:35+00:00,,https://d.repec.org/n?u=RePEc:dpr:wpaper:1306,,,https://d.repec.org/n?u=RePEc:dpr:wpaper:1306&r=mac,https://d.repec.org/n?u=RePEc:dpr:wpaper:1306&r=mac,,,macroeconomia-dinero,novedad,20,0,sin_coincidencias,POR_VERIFICAR,25bad4a3dc85551973a64aa5,EVALUADO,Detectado en reporte oficial NEP; acceso abierto del documento aún no verificado.,,,
CAND-390496CC34DEC58C,nep-mac,nep_report,https://d.repec.org/n?u=RePEc:dpr:wpaper:1276r&r=mac,2026-10-02T18:29:35+00:00,,https://d.repec.org/n?u=RePEc:dpr:wpaper:1276r,,,https://d.repec.org/n?u=RePEc:dpr:wpaper:1276r&r=mac,https://d.repec.org/n?u=RePEc:dpr:wpaper:1276r&r=mac,,,macroeconomia-dinero,novedad,20,0,sin_coincidencias,POR_VERIFICAR,5c844378bd83e264ed44dd7e,EVALUADO,Detectado en reporte oficial NEP; acceso abierto del documento aún no verificado.,,,
CAND-AB358C3379496CD3,nep-mac,nep_report,https://d.repec.org/n?u=RePEc:hal:journl:hal-05740428&r=mac,2026-10-02T18:29:35+00:00,,https://d.repec.org/n?u=RePEc:hal:journl:hal-05740428,,,https://d.repec.org/n?u=RePEc:hal:journl:hal-05740428&r=mac,https://d.repec.org/n?u=RePEc:hal:journl:hal-05740428&r=mac,,,macroeconomia-dinero,novedad,20,0,sin_coincidencias,POR_VERIFICAR,4f8af32dcfafcb89fa9ab5ba,EVALUADO,Detectado en reporte oficial NEP; acceso abierto del documento aún no verificado.,,,
CAND-7D0BBA687FD69118,nep-mac,nep_report,https://d.repec.org/n?u=RePEc:nbr:nberwo:35703&r=mac,2026-10-02T18:29:35+00:00,,https://d.repec.org/n?u=RePEc:nbr:nberwo:35703,,,https://d.repec.org/n?u=RePEc:nbr:nberwo:35703&r=mac,https://d.repec.org/n?u=RePEc:nbr:nberwo:35703&r=mac,,,macroeconomia-dinero,novedad,20,0,sin_coincidencias,POR_VERIFICAR,b6798f76eaeff47682124585,EVALUADO,Detectado en reporte oficial NEP; acceso abierto del documento aún no verificado.,,,
CAND-9A9C6064A8A16EA9,nep-mac,nep_report,https://d.repec.org/n?u=RePEc:arx:papers:2609.09470&r=mac,2026-10-02T18:29:35+00:00,,https://d.repec.org/n?u=RePEc:arx:papers:2609.09470,,,https://d.repec.org/n?u=RePEc:arx:papers:2609.09470&r=mac,https://d.repec.org/n?u=RePEc:arx:papers:2609.09470&r=mac,,,macroeconomia-dinero,novedad,20,0,sin_coincidencias,POR_VERIFICAR,2038d8f026cbe4b10c8f6b5b,EVALUADO,Detectado en reporte oficial NEP; acceso abierto del documento aún no verificado.,,,
CAND-746485D4C8863E73,nep-mac,nep_report,https://d.repec.org/n?u=RePEc:hal:journl:hal-05729490&r=mac,2026-10-02T18:29:35+00:00,,https://d.repec.org/n?u=RePEc:hal:journl:hal-05729490,,,https://d.repec.org/n?u=RePEc:hal:journl:hal-05729490&r=mac,https://d.repec.org/n?u=RePEc:hal:journl:hal-05729490&r=mac,,,macroeconomia-dinero,novedad,20,0,sin_coincidencias,POR_VERIFICAR,d3fc43cde5716fc669606af7,EVALUADO,Detectado en reporte oficial NEP; acceso abierto del documento aún no verificado.,,,
CAND-F2A7FBFA344ADA05,nep-mac,nep_report,https://d.repec.org/n?u=RePEc:arx:papers:2609.19843&r=mac,2026-10-02T18:29:35+00:00,,https://d.repec.org/n?u=RePEc:arx:papers:2609.19843,,,https://d.repec.org/n?u=RePEc:arx:papers:2609.19843&r=mac,https://d.repec.org/n?u=RePEc:arx:papers:2609.19843&r=mac,,,macroeconomia-dinero,novedad,20,0,sin_coincidencias,POR_VERIFICAR,8d6954b4acec5ee2a3703288,EVALUADO,Detectado en reporte oficial NEP; acceso abierto del documento aún no verificado.,,,
CAND-1B3BEF9DF554381B,nep-mac,nep_report,https://d.repec.org/n?u=RePEc:hal:journl:hal-05727059&r=mac,2026-10-02T18:29:35+00:00,,https://d.repec.org/n?u=RePEc:hal:journl:hal-05727059,,,https://d.repec.org/n?u=RePEc:hal:journl:hal-05727059&r=mac,https://d.repec.org/n?u=RePEc:hal:journl:hal-05727059&r=mac,,,macroeconomia-dinero,novedad,20,0,sin_coincidencias,POR_VERIFICAR,b7a1bd9b7c3b2d614dad58a9,EVALUADO,Detectado en reporte oficial NEP; acceso abierto del documento aún no verificado.,,,
CAND-347C1B4D790A4C3C,nep-mac,nep_report,https://d.repec.org/n?u=RePEc:ipc:idopen:013&r=mac,2026-10-02T18:29:35+00:00,,https://d.repec.org/n?u=RePEc:ipc:idopen:013,,,https://d.repec.org/n?u=RePEc:ipc:idopen:013&r=mac,https://d.repec.org/n?u=RePEc:ipc:idopen:013&r=mac,,,macroeconomia-dinero,novedad,20,0,sin_coincidencias,POR_VERIFICAR,1ca9b3bc92b476776868e962,EVALUADO,Detectado en reporte oficial NEP; acceso abierto del documento aún no verificado.,,,
CAND-F84104570314BF1B,nep-mac,nep_report,https://d.repec.org/n?u=RePEc:bdp:dpaper:0108&r=mac,2026-10-02T18:29:35+00:00,,https://d.repec.org/n?u=RePEc:bdp:dpaper:0108,,,https://d.repec.org/n?u=RePEc:bdp:dpaper:0108&r=mac,https://d.repec.org/n?u=RePEc:bdp:dpaper:0108&r=mac,,,macroeconomia-dinero,novedad,20,0,sin_coincidencias,POR_VERIFICAR,a628e0c5c5e977065153bcd0,EVALUADO,Detectado en reporte oficial NEP; acceso abierto del documento aún no verificado.,,,
CAND-65330482A3EB1AEF,nep-mac,nep_report,https://d.repec.org/n?u=RePEc:dem:wpaper:wp-2026-038&r=mac,2026-10-02T18:29:35+00:00,,https://d.repec.org/n?u=RePEc:dem:wpaper:wp-2026-038,,,https://d.repec.org/n?u=RePEc:dem:wpaper:wp-2026-038&r=mac,https://d.repec.org/n?u=RePEc:dem:wpaper:wp-2026-038&r=mac,,,macroeconomia-dinero,novedad,20,0,sin_coincidencias,POR_VERIFICAR,14e464473ba92166af4b2e3d,EVALUADO,Detectado en reporte oficial NEP; acceso abierto del documento aún no verificado.,,,
CAND-9F812AF055724FF9,nep-mac,nep_report,https://d.repec.org/n?u=RePEc:gre:wpaper:2026-21&r=mac,2026-10-02T18:29:35+00:00,,https://d.repec.org/n?u=RePEc:gre:wpaper:2026-21,,,https://d.repec.org/n?u=RePEc:gre:wpaper:2026-21&r=mac,https://d.repec.org/n?u=RePEc:gre:wpaper:2026-21&r=mac,,,macroeconomia-dinero,novedad,20,0,sin_coincidencias,POR_VERIFICAR,cfb2c989187620dad5e29992,EVALUADO,Detectado en reporte oficial NEP; acceso abierto del documento aún no verificado.,,,
CAND-680B0934B1B01D01,nep-mac,nep_report,https://d.repec.org/n?u=RePEc:tcd:tcduee:tep1526&r=mac,2026-10-02T18:29:35+00:00,,https://d.repec.org/n?u=RePEc:tcd:tcduee:tep1526,,,https://d.repec.org/n?u=RePEc:tcd:tcduee:tep1526&r=mac,https://d.repec.org/n?u=RePEc:tcd:tcduee:tep1526&r=mac,,,macroeconomia-dinero,novedad,20,0,sin_coincidencias,POR_VERIFICAR,9365f6e19ae02c08026318b6,EVALUADO,Detectado en reporte oficial NEP; acceso abierto del documento aún no verificado.,,,
CAND-E264ECC486A90A00,nep-mac,nep_report,https://d.repec.org/n?u=RePEc:arx:papers:2608.25009&r=mac,2026-10-02T18:29:35+00:00,,https://d.repec.org/n?u=RePEc:arx:papers:2608.25009,,,https://d.repec.org/n?u=RePEc:arx:papers:2608.25009&r=mac,https://d.repec.org/n?u=RePEc:arx:papers:2608.25009&r=mac,,,macroeconomia-dinero,novedad,20,0,sin_coincidencias,POR_VERIFICAR,1269dd8009fa2257bd923d9c,EVALUADO,Detectado en reporte oficial NEP; acceso abierto del documento aún no verificado.,,,
CAND-6DB673DFF8F838AC,nep-mac,nep_report,https://d.repec.org/n?u=RePEc:arx:papers:2608.30749&r=mac,2026-10-02T18:29:35+00:00,,https://d.repec.org/n?u=RePEc:arx:papers:2608.30749,,,https://d.repec.org/n?u=RePEc:arx:papers:2608.30749&r=mac,https://d.repec.org/n?u=RePEc:arx:papers:2608.30749&r=mac,,,macroeconomia-dinero,novedad,20,0,sin_coincidencias,POR_VERIFICAR,d82f51329ab8e85a21fe3204,EVALUADO,Detectado en reporte oficial NEP; acceso abierto del documento aún no verificado.,,,
CAND-35B16538EDF56903,nep-mac,nep_report,https://d.repec.org/n?u=RePEc:zbw:bofrdp:343547&r=mac,2026-10-02T18:29:35+00:00,,https://d.repec.org/n?u=RePEc:zbw:bofrdp:343547,,,https://d.repec.org/n?u=RePEc:zbw:bofrdp:343547&r=mac,https://d.repec.org/n?u=RePEc:zbw:bofrdp:343547&r=mac,,,macroeconomia-dinero,novedad,20,0,sin_coincidencias,POR_VERIFICAR,d9509dcca6ed926d663f2fa4,EVALUADO,Detectado en reporte oficial NEP; acceso abierto del documento aún no verificado.,,,
CAND-107ADEC174561D19,nep-mac,nep_report,https://d.repec.org/n?u=RePEc:zbw:esprep:343606&r=mac,2026-10-02T18:29:35+00:00,,https://d.repec.org/n?u=RePEc:zbw:esprep:343606,,,https://d.repec.org/n?u=RePEc:zbw:esprep:343606&r=mac,https://d.repec.org/n?u=RePEc:zbw:esprep:343606&r=mac,,,macroeconomia-dinero,novedad,20,0,sin_coincidencias,POR_VERIFICAR,82c373a03db51b94e8cbc477,EVALUADO,Detectado en reporte oficial NEP; acceso abierto del documento aún no verificado.,,,
CAND-E5935C8275F9B301,nep-mac,nep_report,https://d.repec.org/n?u=RePEc:hal:journl:hal-05746561&r=mac,2026-10-02T18:29:35+00:00,,https://d.repec.org/n?u=RePEc:hal:journl:hal-05746561,,,https://d.repec.org/n?u=RePEc:hal:journl:hal-05746561&r=mac,https://d.repec.org/n?u=RePEc:hal:journl:hal-05746561&r=mac,,,macroeconomia-dinero,novedad,20,0,sin_coincidencias,POR_VERIFICAR,cf6d3717eaa777050e75e324,EVALUADO,Detectado en reporte oficial NEP; acceso abierto del documento aún no verificado.,,,
CAND-401CC92704C1C880,nep-mac,nep_report,https://d.repec.org/n?u=RePEc:iza:izadps:dp18887&r=mac,2026-10-02T18:29:35+00:00,,https://d.repec.org/n?u=RePEc:iza:izadps:dp18887,,,https://d.repec.org/n?u=RePEc:iza:izadps:dp18887&r=mac,https://d.repec.org/n?u=RePEc:iza:izadps:dp18887&r=mac,,,macroeconomia-dinero,novedad,20,0,sin_coincidencias,POR_VERIFICAR,f99390aaf6810fe0c5c482dc,EVALUADO,Detectado en reporte oficial NEP; acceso abierto del documento aún no verificado.,,,
CAND-D5B69CFE11169690,nep-mac,nep_report,https://d.repec.org/n?u=RePEc:arx:papers:2608.25720&r=mac,2026-10-02T18:29:35+00:00,,https://d.repec.org/n?u=RePEc:arx:papers:2608.25720,,,https://d.repec.org/n?u=RePEc:arx:papers:2608.25720&r=mac,https://d.repec.org/n?u=RePEc:arx:papers:2608.25720&r=mac,,,macroeconomia-dinero,novedad,20,0,sin_coincidencias,POR_VERIFICAR,2b9d91c3b31c81880da648a6,EVALUADO,Detectado en reporte oficial NEP; acceso abierto del documento aún no verificado.,,,
CAND-093B497F8BDDC03A,nep-mac,nep_report,https://d.repec.org/n?u=RePEc:arx:papers:2609.07011&r=mac,2026-10-02T18:29:35+00:00,,https://d.repec.org/n?u=RePEc:arx:papers:2609.07011,,,https://d.repec.org/n?u=RePEc:arx:papers:2609.07011&r=mac,https://d.repec.org/n?u=RePEc:arx:papers:2609.07011&r=mac,,,macroeconomia-dinero,novedad,20,0,sin_coincidencias,POR_VERIFICAR,bf5e95acfa0ea9919c55004b,EVALUADO,Detectado en reporte oficial NEP; acceso abierto del documento aún no verificado.,,,
CAND-7400283EED280A3B,nep-mac,nep_report,https://d.repec.org/n?u=RePEc:gre:wpaper:2026-22&r=mac,2026-10-02T18:29:35+00:00,,https://d.repec.org/n?u=RePEc:gre:wpaper:2026-22,,,https://d.repec.org/n?u=RePEc:gre:wpaper:2026-22&r=mac,https://d.repec.org/n?u=RePEc:gre:wpaper:2026-22&r=mac,,,macroeconomia-dinero,novedad,20,0,sin_coincidencias,POR_VERIFICAR,e7b59b56d3fa4131a72b0519,EVALUADO,Detectado en reporte oficial NEP; acceso abierto del documento aún no verificado.,,,
CAND-4018ECA9A5EA7D7A,nep-mac,nep_report,https://d.repec.org/n?u=RePEc:arx:papers:2609.06085&r=mac,2026-10-02T18:29:35+00:00,,https://d.repec.org/n?u=RePEc:arx:papers:2609.06085,,,https://d.repec.org/n?u=RePEc:arx:papers:2609.06085&r=mac,https://d.repec.org/n?u=RePEc:arx:papers:2609.06085&r=mac,,,macroeconomia-dinero,novedad,20,0,sin_coincidencias,POR_VERIFICAR,300ef1fa1142f117d1610271,EVALUADO,Detectado en reporte oficial NEP; acceso abierto del documento aún no verificado.,,,
CAND-FF07B1EA95AE0C59,nep-mac,nep_report,https://d.repec.org/n?u=RePEc:arx:papers:2609.06118&r=mac,2026-10-02T18:29:35+00:00,,https://d.repec.org/n?u=RePEc:arx:papers:2609.06118,,,https://d.repec.org/n?u=RePEc:arx:papers:2609.06118&r=mac,https://d.repec.org/n?u=RePEc:arx:papers:2609.06118&r=mac,,,macroeconomia-dinero,novedad,20,0,sin_coincidencias,POR_VERIFICAR,9657727bfcc5afb3a82cb22d,EVALUADO,Detectado en reporte oficial NEP; acceso abierto del documento aún no verificado.,,,
CAND-7FB33449AD56FB18,nep-mac,nep_report,https://d.repec.org/n?u=RePEc:arx:papers:2609.06267&r=mac,2026-10-02T18:29:35+00:00,,https://d.repec.org/n?u=RePEc:arx:papers:2609.06267,,,https://d.repec.org/n?u=RePEc:arx:papers:2609.06267&r=mac,https://d.repec.org/n?u=RePEc:arx:papers:2609.06267&r=mac,,,macroeconomia-dinero,novedad,20,0,sin_coincidencias,POR_VERIFICAR,9564822d7f6222a344356c36,EVALUADO,Detectado en reporte oficial NEP; acceso abierto del documento aún no verificado.,,,
CAND-411ECC5F6186C54B,nep-mac,nep_report,https://d.repec.org/n?u=RePEc:ehl:lserod:140991&r=mac,2026-10-02T18:29:35+00:00,,https://d.repec.org/n?u=RePEc:ehl:lserod:140991,,,https://d.repec.org/n?u=RePEc:ehl:lserod:140991&r=mac,https://d.repec.org/n?u=RePEc:ehl:lserod:140991&r=mac,,,macroeconomia-dinero,novedad,20,0,sin_coincidencias,POR_VERIFICAR,cac5bcb652bf2ccca50cd9eb,EVALUADO,Detectado en reporte oficial NEP; acceso abierto del documento aún no verificado.,,,
CAND-DA2C1C4EF4B2AE19,nep-mac,nep_report,https://d.repec.org/n?u=RePEc:dpr:wpaper:1288r&r=mac,2026-10-02T18:29:35+00:00,,https://d.repec.org/n?u=RePEc:dpr:wpaper:1288r,,,https://d.repec.org/n?u=RePEc:dpr:wpaper:1288r&r=mac,https://d.repec.org/n?u=RePEc:dpr:wpaper:1288r&r=mac,,,macroeconomia-dinero,novedad,20,0,sin_coincidencias,POR_VERIFICAR,c510fd05cf21fe1e5a494ffb,EVALUADO,Detectado en reporte oficial NEP; acceso abierto del documento aún no verificado.,,,
CAND-E50C608427E8DE40,nep-mac,nep_report,https://d.repec.org/n?u=RePEc:arx:papers:2608.27155&r=mac,2026-10-02T18:29:35+00:00,,https://d.repec.org/n?u=RePEc:arx:papers:2608.27155,,,https://d.repec.org/n?u=RePEc:arx:papers:2608.27155&r=mac,https://d.repec.org/n?u=RePEc:arx:papers:2608.27155&r=mac,,,macroeconomia-dinero,novedad,20,0,sin_coincidencias,POR_VERIFICAR,bebdce7ffd8554676f6281ed,EVALUADO,Detectado en reporte oficial NEP; acceso abierto del documento aún no verificado.,,,
CAND-DC976B491A234725,nep-mac,nep_report,https://d.repec.org/n?u=RePEc:zbw:swpcom:343502&r=mac,2026-10-02T18:29:35+00:00,,https://d.repec.org/n?u=RePEc:zbw:swpcom:343502,,,https://d.repec.org/n?u=RePEc:zbw:swpcom:343502&r=mac,https://d.repec.org/n?u=RePEc:zbw:swpcom:343502&r=mac,,,macroeconomia-dinero,novedad,20,0,sin_coincidencias,POR_VERIFICAR,a6db9b454d887525355d840e,EVALUADO,Detectado en reporte oficial NEP; acceso abierto del documento aún no verificado.,,,
CAND-01C3235D8D1B5CD4,nep-mac,nep_report,https://d.repec.org/n?u=RePEc:zbw:iwkrep:343586&r=mac,2026-10-02T18:29:35+00:00,,https://d.repec.org/n?u=RePEc:zbw:iwkrep:343586,,,https://d.repec.org/n?u=RePEc:zbw:iwkrep:343586&r=mac,https://d.repec.org/n?u=RePEc:zbw:iwkrep:343586&r=mac,,,macroeconomia-dinero,novedad,20,0,sin_coincidencias,POR_VERIFICAR,9034fec701fa1855cb170e8c,EVALUADO,Detectado en reporte oficial NEP; acceso abierto del documento aún no verificado.,,,
CAND-04A7C400510D8804,nep-mac,nep_report,https://d.repec.org/n?u=RePEc:ahe:dtaehe:2604&r=mac,2026-10-02T18:29:35+00:00,,https://d.repec.org/n?u=RePEc:ahe:dtaehe:2604,,,https://d.repec.org/n?u=RePEc:ahe:dtaehe:2604&r=mac,https://d.repec.org/n?u=RePEc:ahe:dtaehe:2604&r=mac,,,macroeconomia-dinero,novedad,20,0,sin_coincidencias,POR_VERIFICAR,671e22c9acf83c7ef1794226,EVALUADO,Detectado en reporte oficial NEP; acceso abierto del documento aún no verificado.,,,
CAND-A167ABEEC67FA55E,nep-inv,nep_report,https://d.repec.org/n?u=RePEc:zbw:swpakt:343135&r=inv,2026-10-02T18:29:35+00:00,,https://d.repec.org/n?u=RePEc:zbw:swpakt:343135,,,https://d.repec.org/n?u=RePEc:zbw:swpakt:343135&r=inv,https://d.repec.org/n?u=RePEc:zbw:swpakt:343135&r=inv,,,produccion-inversion,novedad,20,0,sin_coincidencias,POR_VERIFICAR,4475c5ecc11fcd92a27b83bf,EVALUADO,Detectado en reporte oficial NEP; acceso abierto del documento aún no verificado.,,,
CAND-73AAC667BE5C9CA6,nep-inv,nep_report,https://d.repec.org/n?u=RePEc:hal:journl:hal-05737398&r=inv,2026-10-02T18:29:35+00:00,,https://d.repec.org/n?u=RePEc:hal:journl:hal-05737398,,,https://d.repec.org/n?u=RePEc:hal:journl:hal-05737398&r=inv,https://d.repec.org/n?u=RePEc:hal:journl:hal-05737398&r=inv,,,produccion-inversion,novedad,20,0,sin_coincidencias,POR_VERIFICAR,4fbd39c1dd37b3ab9bde3d67,EVALUADO,Detectado en reporte oficial NEP; acceso abierto del documento aún no verificado.,,,
CAND-1AA2069CCF1A3576,nep-inv,nep_report,https://d.repec.org/n?u=RePEc:tin:wpaper:20260070&r=inv,2026-10-02T18:29:35+00:00,,https://d.repec.org/n?u=RePEc:tin:wpaper:20260070,,,https://d.repec.org/n?u=RePEc:tin:wpaper:20260070&r=inv,https://d.repec.org/n?u=RePEc:tin:wpaper:20260070&r=inv,,,produccion-inversion,novedad,20,0,sin_coincidencias,POR_VERIFICAR,e3df8307377e301088c9465c,EVALUADO,Detectado en reporte oficial NEP; acceso abierto del documento aún no verificado.,,,
CAND-ACD138374A76C295,nep-inv,nep_report,https://d.repec.org/n?u=RePEc:cxv:wpaper:2602&r=inv,2026-10-02T18:29:35+00:00,,https://d.repec.org/n?u=RePEc:cxv:wpaper:2602,,,https://d.repec.org/n?u=RePEc:cxv:wpaper:2602&r=inv,https://d.repec.org/n?u=RePEc:cxv:wpaper:2602&r=inv,,,produccion-inversion,novedad,20,0,sin_coincidencias,POR_VERIFICAR,251aa296e0f9619e775c6ded,EVALUADO,Detectado en reporte oficial NEP; acceso abierto del documento aún no verificado.,,,
CAND-DE5D83AA428AFF1F,nep-inv,nep_report,https://d.repec.org/n?u=RePEc:arx:papers:2608.26606&r=inv,2026-10-02T18:29:35+00:00,,https://d.repec.org/n?u=RePEc:arx:papers:2608.26606,,,https://d.repec.org/n?u=RePEc:arx:papers:2608.26606&r=inv,https://d.repec.org/n?u=RePEc:arx:papers:2608.26606&r=inv,,,produccion-inversion,novedad,20,0,sin_coincidencias,POR_VERIFICAR,7d269a7ba5efe490a405b4cf,EVALUADO,Detectado en reporte oficial NEP; acceso abierto del documento aún no verificado.,,,
CAND-4AE938FE98A093FA,nep-inv,nep_report,https://d.repec.org/n?u=RePEc:bfr:econot:458&r=inv,2026-10-02T18:29:35+00:00,,https://d.repec.org/n?u=RePEc:bfr:econot:458,,,https://d.repec.org/n?u=RePEc:bfr:econot:458&r=inv,https://d.repec.org/n?u=RePEc:bfr:econot:458&r=inv,,,produccion-inversion,novedad,20,0,sin_coincidencias,POR_VERIFICAR,8fb74833cd38bf01d0797edb,EVALUADO,Detectado en reporte oficial NEP; acceso abierto del documento aún no verificado.,,,
CAND-676ADD0996493A48,nep-inv,nep_report,https://d.repec.org/n?u=RePEc:arx:papers:2608.26426&r=inv,2026-10-02T18:29:35+00:00,,https://d.repec.org/n?u=RePEc:arx:papers:2608.26426,,,https://d.repec.org/n?u=RePEc:arx:papers:2608.26426&r=inv,https://d.repec.org/n?u=RePEc:arx:papers:2608.26426&r=inv,,,produccion-inversion,novedad,20,0,sin_coincidencias,POR_VERIFICAR,40d505b7a2565235af4ad38f,EVALUADO,Detectado en reporte oficial NEP; acceso abierto del documento aún no verificado.,,,
CAND-F0C5FB02AF7B7AED,nep-inv,nep_report,https://d.repec.org/n?u=RePEc:auk:ecosoc:2026_02&r=inv,2026-10-02T18:29:35+00:00,,https://d.repec.org/n?u=RePEc:auk:ecosoc:2026_02,,,https://d.repec.org/n?u=RePEc:auk:ecosoc:2026_02&r=inv,https://d.repec.org/n?u=RePEc:auk:ecosoc:2026_02&r=inv,,,produccion-inversion,novedad,20,0,sin_coincidencias,POR_VERIFICAR,b812b824a249224ee7cf92e9,EVALUADO,Detectado en reporte oficial NEP; acceso abierto del documento aún no verificado.,,,
CAND-CB77E5DE3B14EE1E,nep-inv,nep_report,https://d.repec.org/n?u=RePEc:hal:journl:hal-05733783&r=inv,2026-10-02T18:29:35+00:00,,https://d.repec.org/n?u=RePEc:hal:journl:hal-05733783,,,https://d.repec.org/n?u=RePEc:hal:journl:hal-05733783&r=inv,https://d.repec.org/n?u=RePEc:hal:journl:hal-05733783&r=inv,,,produccion-inversion,novedad,20,0,sin_coincidencias,POR_VERIFICAR,2552154ebd4f73dcd3535749,EVALUADO,Detectado en reporte oficial NEP; acceso abierto del documento aún no verificado.,,,
CAND-BC8EA816431ED0B9,nep-inv,nep_report,https://d.repec.org/n?u=RePEc:arx:papers:2609.07946&r=inv,2026-10-02T18:29:35+00:00,,https://d.repec.org/n?u=RePEc:arx:papers:2609.07946,,,https://d.repec.org/n?u=RePEc:arx:papers:2609.07946&r=inv,https://d.repec.org/n?u=RePEc:arx:papers:2609.07946&r=inv,,,produccion-inversion,novedad,20,0,sin_coincidencias,POR_VERIFICAR,5b3d0e4a16b8e2edbb2ea04e,EVALUADO,Detectado en reporte oficial NEP; acceso abierto del documento aún no verificado.,,,
CAND-6CA3032F3D0A78C3,nep-inv,nep_report,https://d.repec.org/n?u=RePEc:zbw:arlpos:343584&r=inv,2026-10-02T18:29:35+00:00,,https://d.repec.org/n?u=RePEc:zbw:arlpos:343584,,,https://d.repec.org/n?u=RePEc:zbw:arlpos:343584&r=inv,https://d.repec.org/n?u=RePEc:zbw:arlpos:343584&r=inv,,,produccion-inversion,novedad,20,0,sin_coincidencias,POR_VERIFICAR,2f820267ac5a8cc3d4a46b62,EVALUADO,Detectado en reporte oficial NEP; acceso abierto del documento aún no verificado.,,,
CAND-33AEFDFAB936B01F,nep-inv,nep_report,https://d.repec.org/n?u=RePEc:bde:opaper:2617e&r=inv,2026-10-02T18:29:35+00:00,,https://d.repec.org/n?u=RePEc:bde:opaper:2617e,,,https://d.repec.org/n?u=RePEc:bde:opaper:2617e&r=inv,https://d.repec.org/n?u=RePEc:bde:opaper:2617e&r=inv,,,produccion-inversion,novedad,20,0,sin_coincidencias,POR_VERIFICAR,06816121bd056d0fc6cc9ddf,EVALUADO,Detectado en reporte oficial NEP; acceso abierto del documento aún no verificado.,,,
CAND-9AF961B00FABB319,nep-inv,nep_report,https://d.repec.org/n?u=RePEc:arx:papers:2608.26410&r=inv,2026-10-02T18:29:35+00:00,,https://d.repec.org/n?u=RePEc:arx:papers:2608.26410,,,https://d.repec.org/n?u=RePEc:arx:papers:2608.26410&r=inv,https://d.repec.org/n?u=RePEc:arx:papers:2608.26410&r=inv,,,produccion-inversion,novedad,20,0,sin_coincidencias,POR_VERIFICAR,feb03b708f53190fea852129,EVALUADO,Detectado en reporte oficial NEP; acceso abierto del documento aún no verificado.,,,
CAND-0D1E7F89F9C8E8EB,nep-inv,nep_report,https://d.repec.org/n?u=RePEc:arx:papers:2608.25602&r=inv,2026-10-02T18:29:35+00:00,,https://d.repec.org/n?u=RePEc:arx:papers:2608.25602,,,https://d.repec.org/n?u=RePEc:arx:papers:2608.25602&r=inv,https://d.repec.org/n?u=RePEc:arx:papers:2608.25602&r=inv,,,produccion-inversion,novedad,20,0,sin_coincidencias,POR_VERIFICAR,4195bf8e299b288c510dbd7d,EVALUADO,Detectado en reporte oficial NEP; acceso abierto del documento aún no verificado.,,,
CAND-900104C0F4A13D61,nep-inv,nep_report,https://d.repec.org/n?u=RePEc:ces:ceswps:_12978&r=inv,2026-10-02T18:29:35+00:00,,https://d.repec.org/n?u=RePEc:ces:ceswps:_12978,,,https://d.repec.org/n?u=RePEc:ces:ceswps:_12978&r=inv,https://d.repec.org/n?u=RePEc:ces:ceswps:_12978&r=inv,,,produccion-inversion,novedad,20,0,sin_coincidencias,POR_VERIFICAR,e17b1c242982cf4f9d3c7214,EVALUADO,Detectado en reporte oficial NEP; acceso abierto del documento aún no verificado.,,,
CAND-F80D39BE5F7EDB2A,nep-inv,nep_report,https://d.repec.org/n?u=RePEc:arx:papers:2609.05883&r=inv,2026-10-02T18:29:35+00:00,,https://d.repec.org/n?u=RePEc:arx:papers:2609.05883,,,https://d.repec.org/n?u=RePEc:arx:papers:2609.05883&r=inv,https://d.repec.org/n?u=RePEc:arx:papers:2609.05883&r=inv,,,produccion-inversion,novedad,20,0,sin_coincidencias,POR_VERIFICAR,137f108823c05b28039c4451,EVALUADO,Detectado en reporte oficial NEP; acceso abierto del documento aún no verificado.,,,
CAND-B050F756863C75ED,nep-inv,nep_report,https://d.repec.org/n?u=RePEc:arx:papers:2609.07011&r=inv,2026-10-02T18:29:35+00:00,,https://d.repec.org/n?u=RePEc:arx:papers:2609.07011,,,https://d.repec.org/n?u=RePEc:arx:papers:2609.07011&r=inv,https://d.repec.org/n?u=RePEc:arx:papers:2609.07011&r=inv,,,produccion-inversion,novedad,20,0,sin_coincidencias,POR_VERIFICAR,13ab39b90218d81e05ffb21e,EVALUADO,Detectado en reporte oficial NEP; acceso abierto del documento aún no verificado.,,,
CAND-9BF032CC270CA6C8,nep-inv,nep_report,https://d.repec.org/n?u=RePEc:amz:wpaper:2026-23&r=inv,2026-10-02T18:29:35+00:00,,https://d.repec.org/n?u=RePEc:amz:wpaper:2026-23,,,https://d.repec.org/n?u=RePEc:amz:wpaper:2026-23&r=inv,https://d.repec.org/n?u=RePEc:amz:wpaper:2026-23&r=inv,,,produccion-inversion,novedad,20,0,sin_coincidencias,POR_VERIFICAR,74922376a52ebf24f9cc1e7d,EVALUADO,Detectado en reporte oficial NEP; acceso abierto del documento aún no verificado.,,,
CAND-E6C53C2FCA5A2A3D,nep-inv,nep_report,https://d.repec.org/n?u=RePEc:arx:papers:2609.06151&r=inv,2026-10-02T18:29:35+00:00,,https://d.repec.org/n?u=RePEc:arx:papers:2609.06151,,,https://d.repec.org/n?u=RePEc:arx:papers:2609.06151&r=inv,https://d.repec.org/n?u=RePEc:arx:papers:2609.06151&r=inv,,,produccion-inversion,novedad,20,0,sin_coincidencias,POR_VERIFICAR,2f50c753a08e673fe84a86be,EVALUADO,Detectado en reporte oficial NEP; acceso abierto del documento aún no verificado.,,,
CAND-96EE8E1AA68177BF,nep-inv,nep_report,https://d.repec.org/n?u=RePEc:arx:papers:2608.29468&r=inv,2026-10-02T18:29:35+00:00,,https://d.repec.org/n?u=RePEc:arx:papers:2608.29468,,,https://d.repec.org/n?u=RePEc:arx:papers:2608.29468&r=inv,https://d.repec.org/n?u=RePEc:arx:papers:2608.29468&r=inv,,,produccion-inversion,novedad,20,0,sin_coincidencias,POR_VERIFICAR,67e2fad8e29438a6220d1a19,EVALUADO,Detectado en reporte oficial NEP; acceso abierto del documento aún no verificado.,,,
CAND-04EC4A56DCB8FF96,nep-inv,nep_report,https://d.repec.org/n?u=RePEc:arx:papers:2609.20554&r=inv,2026-10-02T18:29:35+00:00,,https://d.repec.org/n?u=RePEc:arx:papers:2609.20554,,,https://d.repec.org/n?u=RePEc:arx:papers:2609.20554&r=inv,https://d.repec.org/n?u=RePEc:arx:papers:2609.20554&r=inv,,,produccion-inversion,novedad,20,0,sin_coincidencias,POR_VERIFICAR,b26f273eed2cf4628556117d,EVALUADO,Detectado en reporte oficial NEP; acceso abierto del documento aún no verificado.,,,
CAND-7A03363DFE25F515,nep-inv,nep_report,https://d.repec.org/n?u=RePEc:evk:wpaper:rct&r=inv,2026-10-02T18:29:35+00:00,,https://d.repec.org/n?u=RePEc:evk:wpaper:rct,,,https://d.repec.org/n?u=RePEc:evk:wpaper:rct&r=inv,https://d.repec.org/n?u=RePEc:evk:wpaper:rct&r=inv,,,produccion-inversion,novedad,20,0,sin_coincidencias,POR_VERIFICAR,84c0c8c841f31b62c43a4cb6,EVALUADO,Detectado en reporte oficial NEP; acceso abierto del documento aún no verificado.,,,
CAND-0780067505091291,nep-inv,nep_report,https://d.repec.org/n?u=RePEc:ipc:idopen:015&r=inv,2026-10-02T18:29:35+00:00,,https://d.repec.org/n?u=RePEc:ipc:idopen:015,,,https://d.repec.org/n?u=RePEc:ipc:idopen:015&r=inv,https://d.repec.org/n?u=RePEc:ipc:idopen:015&r=inv,,,produccion-inversion,novedad,20,0,sin_coincidencias,POR_VERIFICAR,dcf072572760fcf28d11b7f7,EVALUADO,Detectado en reporte oficial NEP; acceso abierto del documento aún no verificado.,,,
CAND-90E223815F82BFEB,nep-inv,nep_report,https://d.repec.org/n?u=RePEc:pra:mprapa:130906&r=inv,2026-10-02T18:29:35+00:00,,https://d.repec.org/n?u=RePEc:pra:mprapa:130906,,,https://d.repec.org/n?u=RePEc:pra:mprapa:130906&r=inv,https://d.repec.org/n?u=RePEc:pra:mprapa:130906&r=inv,,,produccion-inversion,novedad,20,0,sin_coincidencias,POR_VERIFICAR,0af5a973c39b50da002e5e95,EVALUADO,Detectado en reporte oficial NEP; acceso abierto del documento aún no verificado.,,,
CAND-30BAE57BE2CF9BBE,nep-inv,nep_report,https://d.repec.org/n?u=RePEc:ces:ceswps:_12982&r=inv,2026-10-02T18:29:35+00:00,,https://d.repec.org/n?u=RePEc:ces:ceswps:_12982,,,https://d.repec.org/n?u=RePEc:ces:ceswps:_12982&r=inv,https://d.repec.org/n?u=RePEc:ces:ceswps:_12982&r=inv,,,produccion-inversion,novedad,20,0,sin_coincidencias,POR_VERIFICAR,326837acb49f08f7dfa6988b,EVALUADO,Detectado en reporte oficial NEP; acceso abierto del documento aún no verificado.,,,
CAND-31453AF08AFA98A9,nep-inv,nep_report,https://d.repec.org/n?u=RePEc:ces:ceswps:_12960&r=inv,2026-10-02T18:29:35+00:00,,https://d.repec.org/n?u=RePEc:ces:ceswps:_12960,,,https://d.repec.org/n?u=RePEc:ces:ceswps:_12960&r=inv,https://d.repec.org/n?u=RePEc:ces:ceswps:_12960&r=inv,,,produccion-inversion,novedad,20,0,sin_coincidencias,POR_VERIFICAR,df88b1dd7a0fd506d24faa22,EVALUADO,Detectado en reporte oficial NEP; acceso abierto del documento aún no verificado.,,,
CAND-60D7210392826353,nep-inv,nep_report,https://d.repec.org/n?u=RePEc:arx:papers:2608.25304&r=inv,2026-10-02T18:29:35+00:00,,https://d.repec.org/n?u=RePEc:arx:papers:2608.25304,,,https://d.repec.org/n?u=RePEc:arx:papers:2608.25304&r=inv,https://d.repec.org/n?u=RePEc:arx:papers:2608.25304&r=inv,,,produccion-inversion,novedad,20,0,sin_coincidencias,POR_VERIFICAR,988019280833d89ca288bc6e,EVALUADO,Detectado en reporte oficial NEP; acceso abierto del documento aún no verificado.,,,
CAND-4F2791D92FD5E531,nep-inv,nep_report,https://d.repec.org/n?u=RePEc:iza:izadps:dp18881&r=inv,2026-10-02T18:29:35+00:00,,https://d.repec.org/n?u=RePEc:iza:izadps:dp18881,,,https://d.repec.org/n?u=RePEc:iza:izadps:dp18881&r=inv,https://d.repec.org/n?u=RePEc:iza:izadps:dp18881&r=inv,,,produccion-inversion,novedad,20,0,sin_coincidencias,POR_VERIFICAR,614fc5e0a8bc41cc2b3b0fa4,EVALUADO,Detectado en reporte oficial NEP; acceso abierto del documento aún no verificado.,,,
CAND-34983C4884EF2233,nep-inv,nep_report,https://d.repec.org/n?u=RePEc:hal:journl:hal-05737206&r=inv,2026-10-02T18:29:35+00:00,,https://d.repec.org/n?u=RePEc:hal:journl:hal-05737206,,,https://d.repec.org/n?u=RePEc:hal:journl:hal-05737206&r=inv,https://d.repec.org/n?u=RePEc:hal:journl:hal-05737206&r=inv,,,produccion-inversion,novedad,20,0,sin_coincidencias,POR_VERIFICAR,705d71d0e2b74e8f83b23ad5,EVALUADO,Detectado en reporte oficial NEP; acceso abierto del documento aún no verificado.,,,
CAND-82DEE0E418DEED95,nep-inv,nep_report,https://d.repec.org/n?u=RePEc:arx:papers:2609.00414&r=inv,2026-10-02T18:29:35+00:00,,https://d.repec.org/n?u=RePEc:arx:papers:2609.00414,,,https://d.repec.org/n?u=RePEc:arx:papers:2609.00414&r=inv,https://d.repec.org/n?u=RePEc:arx:papers:2609.00414&r=inv,,,produccion-inversion,novedad,20,0,sin_coincidencias,POR_VERIFICAR,6596db5848f4bbfff166f4b8,EVALUADO,Detectado en reporte oficial NEP; acceso abierto del documento aún no verificado.,,,
CAND-F043B27FF2ADA89D,nep-inv,nep_report,https://d.repec.org/n?u=RePEc:hal:journl:hal-05691184&r=inv,2026-10-02T18:29:35+00:00,,https://d.repec.org/n?u=RePEc:hal:journl:hal-05691184,,,https://d.repec.org/n?u=RePEc:hal:journl:hal-05691184&r=inv,https://d.repec.org/n?u=RePEc:hal:journl:hal-05691184&r=inv,,,produccion-inversion,novedad,20,0,sin_coincidencias,POR_VERIFICAR,68e5562dc2241eddca62a107,EVALUADO,Detectado en reporte oficial NEP; acceso abierto del documento aún no verificado.,,,
CAND-F4F096DD92E8E459,nep-inv,nep_report,https://d.repec.org/n?u=RePEc:boe:boeewp:023582&r=inv,2026-10-02T18:29:35+00:00,,https://d.repec.org/n?u=RePEc:boe:boeewp:023582,,,https://d.repec.org/n?u=RePEc:boe:boeewp:023582&r=inv,https://d.repec.org/n?u=RePEc:boe:boeewp:023582&r=inv,,,produccion-inversion,novedad,20,0,sin_coincidencias,POR_VERIFICAR,1e7a8fdb70dc8053ebf58620,EVALUADO,Detectado en reporte oficial NEP; acceso abierto del documento aún no verificado.,,,
CAND-1211F9426F9BB190,nep-inv,nep_report,https://d.repec.org/n?u=RePEc:arx:papers:2609.05491&r=inv,2026-10-02T18:29:35+00:00,,https://d.repec.org/n?u=RePEc:arx:papers:2609.05491,,,https://d.repec.org/n?u=RePEc:arx:papers:2609.05491&r=inv,https://d.repec.org/n?u=RePEc:arx:papers:2609.05491&r=inv,,,produccion-inversion,novedad,20,0,sin_coincidencias,POR_VERIFICAR,eda26d35f21d8ec278b61964,EVALUADO,Detectado en reporte oficial NEP; acceso abierto del documento aún no verificado.,,,
CAND-86016010C5922F80,nep-inv,nep_report,https://d.repec.org/n?u=RePEc:hal:journl:hal-05743297&r=inv,2026-10-02T18:29:35+00:00,,https://d.repec.org/n?u=RePEc:hal:journl:hal-05743297,,,https://d.repec.org/n?u=RePEc:hal:journl:hal-05743297&r=inv,https://d.repec.org/n?u=RePEc:hal:journl:hal-05743297&r=inv,,,produccion-inversion,novedad,20,0,sin_coincidencias,POR_VERIFICAR,172ede5a6d1a895661fcdef4,EVALUADO,Detectado en reporte oficial NEP; acceso abierto del documento aún no verificado.,,,
CAND-EA0DE5F20680C1BB,nep-hpe,nep_report,https://d.repec.org/n?u=RePEc:wap:wpaper:2613&r=hpe,2026-10-02T18:29:35+00:00,,https://d.repec.org/n?u=RePEc:wap:wpaper:2613,,,https://d.repec.org/n?u=RePEc:wap:wpaper:2613&r=hpe,https://d.repec.org/n?u=RePEc:wap:wpaper:2613&r=hpe,,,pensamiento-metodologia,novedad,20,0,sin_coincidencias,POR_VERIFICAR,1fac716df36f1c2753d1d997,EVALUADO,Detectado en reporte oficial NEP; acceso abierto del documento aún no verificado.,,,
CAND-9B8CB7CA93F40DDE,nep-hpe,nep_report,https://d.repec.org/n?u=RePEc:usi:wpaper:946&r=hpe,2026-10-02T18:29:35+00:00,,https://d.repec.org/n?u=RePEc:usi:wpaper:946,,,https://d.repec.org/n?u=RePEc:usi:wpaper:946&r=hpe,https://d.repec.org/n?u=RePEc:usi:wpaper:946&r=hpe,,,pensamiento-metodologia,novedad,20,0,sin_coincidencias,POR_VERIFICAR,05690fd90db084bdbfdc1c3a,EVALUADO,Detectado en reporte oficial NEP; acceso abierto del documento aún no verificado.,,,
CAND-142E621AFDC122D4,nep-hpe,nep_report,https://d.repec.org/n?u=RePEc:ehl:lserod:127175&r=hpe,2026-10-02T18:29:35+00:00,,https://d.repec.org/n?u=RePEc:ehl:lserod:127175,,,https://d.repec.org/n?u=RePEc:ehl:lserod:127175&r=hpe,https://d.repec.org/n?u=RePEc:ehl:lserod:127175&r=hpe,,,pensamiento-metodologia,novedad,20,0,sin_coincidencias,POR_VERIFICAR,fc82abcab6891f530cc2ed8c,EVALUADO,Detectado en reporte oficial NEP; acceso abierto del documento aún no verificado.,,,
CAND-57E3DCF254A9413B,nep-hpe,nep_report,https://d.repec.org/n?u=RePEc:war:wpaper:2026-29&r=hpe,2026-10-02T18:29:35+00:00,,https://d.repec.org/n?u=RePEc:war:wpaper:2026-29,,,https://d.repec.org/n?u=RePEc:war:wpaper:2026-29&r=hpe,https://d.repec.org/n?u=RePEc:war:wpaper:2026-29&r=hpe,,,pensamiento-metodologia,novedad,20,0,sin_coincidencias,POR_VERIFICAR,f3829cd78c1e385c018acfa3,EVALUADO,Detectado en reporte oficial NEP; acceso abierto del documento aún no verificado.,,,
CAND-29A23EABDC110B6C,nep-dev,nep_report,https://d.repec.org/n?u=RePEc:iza:izadps:dp18917&r=dev,2026-10-02T18:29:35+00:00,,https://d.repec.org/n?u=RePEc:iza:izadps:dp18917,,,https://d.repec.org/n?u=RePEc:iza:izadps:dp18917&r=dev,https://d.repec.org/n?u=RePEc:iza:izadps:dp18917&r=dev,,,desarrollo-estructura,novedad,30,0,sin_coincidencias,POR_VERIFICAR,f0cd4a63b92527238aa7ab32,EVALUADO,Detectado en reporte oficial NEP; acceso abierto del documento aún no verificado.,,,
CAND-A527B5614E9A44B2,nep-dev,nep_report,https://d.repec.org/n?u=RePEc:wbk:wbrwps:11453&r=dev,2026-10-02T18:29:35+00:00,,https://d.repec.org/n?u=RePEc:wbk:wbrwps:11453,,,https://d.repec.org/n?u=RePEc:wbk:wbrwps:11453&r=dev,https://d.repec.org/n?u=RePEc:wbk:wbrwps:11453&r=dev,,,desarrollo-estructura,novedad,30,0,sin_coincidencias,POR_VERIFICAR,92f8e7b38797a52ef671fe78,EVALUADO,Detectado en reporte oficial NEP; acceso abierto del documento aún no verificado.,,,
CAND-F3906406F61DFBAA,nep-dev,nep_report,https://d.repec.org/n?u=RePEc:tcd:tcduee:tep1726&r=dev,2026-10-02T18:29:35+00:00,,https://d.repec.org/n?u=RePEc:tcd:tcduee:tep1726,,,https://d.repec.org/n?u=RePEc:tcd:tcduee:tep1726&r=dev,https://d.repec.org/n?u=RePEc:tcd:tcduee:tep1726&r=dev,,,desarrollo-estructura,novedad,30,0,sin_coincidencias,POR_VERIFICAR,d7ae97bb705e09269b2f03f4,EVALUADO,Detectado en reporte oficial NEP; acceso abierto del documento aún no verificado.,,,
CAND-DB786045444E227D,nep-dev,nep_report,https://d.repec.org/n?u=RePEc:ehl:lserod:140838&r=dev,2026-10-02T18:29:35+00:00,,https://d.repec.org/n?u=RePEc:ehl:lserod:140838,,,https://d.repec.org/n?u=RePEc:ehl:lserod:140838&r=dev,https://d.repec.org/n?u=RePEc:ehl:lserod:140838&r=dev,,,desarrollo-estructura,novedad,30,0,sin_coincidencias,POR_VERIFICAR,a93ebbe3d23b26f1bd515be3,EVALUADO,Detectado en reporte oficial NEP; acceso abierto del documento aún no verificado.,,,
CAND-54A4309846DC6F91,nep-dev,nep_report,https://d.repec.org/n?u=RePEc:zbw:rwirep:343572&r=dev,2026-10-02T18:29:35+00:00,,https://d.repec.org/n?u=RePEc:zbw:rwirep:343572,,,https://d.repec.org/n?u=RePEc:zbw:rwirep:343572&r=dev,https://d.repec.org/n?u=RePEc:zbw:rwirep:343572&r=dev,,,desarrollo-estructura,novedad,30,0,sin_coincidencias,POR_VERIFICAR,4b4f7bdba289dc29dfbcb0bf,EVALUADO,Detectado en reporte oficial NEP; acceso abierto del documento aún no verificado.,,,
CAND-E2DB63785F1B271F,nep-dev,nep_report,https://d.repec.org/n?u=RePEc:iza:izadps:dp18910&r=dev,2026-10-02T18:29:35+00:00,,https://d.repec.org/n?u=RePEc:iza:izadps:dp18910,,,https://d.repec.org/n?u=RePEc:iza:izadps:dp18910&r=dev,https://d.repec.org/n?u=RePEc:iza:izadps:dp18910&r=dev,,,desarrollo-estructura,novedad,30,0,sin_coincidencias,POR_VERIFICAR,ae19fb7b94f4d4163d60be58,EVALUADO,Detectado en reporte oficial NEP; acceso abierto del documento aún no verificado.,,,
CAND-58E6F3538DFF82FE,nep-dev,nep_report,https://d.repec.org/n?u=RePEc:osf:socarx:dahwz_v1&r=dev,2026-10-02T18:29:35+00:00,,https://d.repec.org/n?u=RePEc:osf:socarx:dahwz_v1,,,https://d.repec.org/n?u=RePEc:osf:socarx:dahwz_v1&r=dev,https://d.repec.org/n?u=RePEc:osf:socarx:dahwz_v1&r=dev,,,desarrollo-estructura,novedad,30,0,sin_coincidencias,POR_VERIFICAR,3bab26b013c8681b26912786,EVALUADO,Detectado en reporte oficial NEP; acceso abierto del documento aún no verificado.,,,
CAND-29DF4FF25C4A5BFB,nep-dev,nep_report,https://d.repec.org/n?u=RePEc:zbw:rwirep:343542&r=dev,2026-10-02T18:29:35+00:00,,https://d.repec.org/n?u=RePEc:zbw:rwirep:343542,,,https://d.repec.org/n?u=RePEc:zbw:rwirep:343542&r=dev,https://d.repec.org/n?u=RePEc:zbw:rwirep:343542&r=dev,,,desarrollo-estructura,novedad,30,0,sin_coincidencias,POR_VERIFICAR,3377976cc3aa847b09759242,EVALUADO,Detectado en reporte oficial NEP; acceso abierto del documento aún no verificado.,,,
CAND-CA9F3A13EA8EC83E,nep-dev,nep_report,https://d.repec.org/n?u=RePEc:zbw:rwirep:343539&r=dev,2026-10-02T18:29:35+00:00,,https://d.repec.org/n?u=RePEc:zbw:rwirep:343539,,,https://d.repec.org/n?u=RePEc:zbw:rwirep:343539&r=dev,https://d.repec.org/n?u=RePEc:zbw:rwirep:343539&r=dev,,,desarrollo-estructura,novedad,30,0,sin_coincidencias,POR_VERIFICAR,03046456eb3d9669c0971aad,EVALUADO,Detectado en reporte oficial NEP; acceso abierto del documento aún no verificado.,,,
CAND-8113D06B8C298893,nep-dev,nep_report,https://d.repec.org/n?u=RePEc:zbw:rwirep:343540&r=dev,2026-10-02T18:29:35+00:00,,https://d.repec.org/n?u=RePEc:zbw:rwirep:343540,,,https://d.repec.org/n?u=RePEc:zbw:rwirep:343540&r=dev,https://d.repec.org/n?u=RePEc:zbw:rwirep:343540&r=dev,,,desarrollo-estructura,novedad,30,0,sin_coincidencias,POR_VERIFICAR,6cd96d649b75fb9ed56f7d3d,EVALUADO,Detectado en reporte oficial NEP; acceso abierto del documento aún no verificado.,,,
CAND-3A9B56B7F6EFC700,nep-pub,nep_report,https://d.repec.org/n?u=RePEc:nbr:nberwo:35587&r=pub,2026-10-02T18:29:35+00:00,,https://d.repec.org/n?u=RePEc:nbr:nberwo:35587,,,https://d.repec.org/n?u=RePEc:nbr:nberwo:35587&r=pub,https://d.repec.org/n?u=RePEc:nbr:nberwo:35587&r=pub,,,estado-politica-economica,novedad,30,0,sin_coincidencias,POR_VERIFICAR,362f680df35e0a85a6c57924,EVALUADO,Detectado en reporte oficial NEP; acceso abierto del documento aún no verificado.,,,
CAND-EC26AB04E6765C49,nep-pub,nep_report,https://d.repec.org/n?u=RePEc:tin:wpaper:20260058&r=pub,2026-10-02T18:29:35+00:00,,https://d.repec.org/n?u=RePEc:tin:wpaper:20260058,,,https://d.repec.org/n?u=RePEc:tin:wpaper:20260058&r=pub,https://d.repec.org/n?u=RePEc:tin:wpaper:20260058&r=pub,,,estado-politica-economica,novedad,30,0,sin_coincidencias,POR_VERIFICAR,f9c620a1ebaee44c4745bfe9,EVALUADO,Detectado en reporte oficial NEP; acceso abierto del documento aún no verificado.,,,
CAND-E315B5C576271911,nep-pub,nep_report,https://d.repec.org/n?u=RePEc:nbr:nberwo:35653&r=pub,2026-10-02T18:29:35+00:00,,https://d.repec.org/n?u=RePEc:nbr:nberwo:35653,,,https://d.repec.org/n?u=RePEc:nbr:nberwo:35653&r=pub,https://d.repec.org/n?u=RePEc:nbr:nberwo:35653&r=pub,,,estado-politica-economica,novedad,30,0,sin_coincidencias,POR_VERIFICAR,5ea2da819d65d718cd0f78f7,EVALUADO,Detectado en reporte oficial NEP; acceso abierto del documento aún no verificado.,,,
CAND-BBA03268BC4B234B,nep-pub,nep_report,https://d.repec.org/n?u=RePEc:nbr:nberwo:35534&r=pub,2026-10-02T18:29:35+00:00,,https://d.repec.org/n?u=RePEc:nbr:nberwo:35534,,,https://d.repec.org/n?u=RePEc:nbr:nberwo:35534&r=pub,https://d.repec.org/n?u=RePEc:nbr:nberwo:35534&r=pub,,,estado-politica-economica,novedad,30,0,sin_coincidencias,POR_VERIFICAR,51bdc7ae2a3413b5f9c88bc0,EVALUADO,Detectado en reporte oficial NEP; acceso abierto del documento aún no verificado.,,,
CAND-FA206C15C97CC75D,nep-pub,nep_report,https://d.repec.org/n?u=RePEc:ces:ceswps:_12938&r=pub,2026-10-02T18:29:35+00:00,,https://d.repec.org/n?u=RePEc:ces:ceswps:_12938,,,https://d.repec.org/n?u=RePEc:ces:ceswps:_12938&r=pub,https://d.repec.org/n?u=RePEc:ces:ceswps:_12938&r=pub,,,estado-politica-economica,novedad,30,0,sin_coincidencias,POR_VERIFICAR,2089275209a8425311402962,EVALUADO,Detectado en reporte oficial NEP; acceso abierto del documento aún no verificado.,,,
CAND-054D32CCDAA110AA,nep-pub,nep_report,https://d.repec.org/n?u=RePEc:hhs:iuiwop:1564&r=pub,2026-10-02T18:29:35+00:00,,https://d.repec.org/n?u=RePEc:hhs:iuiwop:1564,,,https://d.repec.org/n?u=RePEc:hhs:iuiwop:1564&r=pub,https://d.repec.org/n?u=RePEc:hhs:iuiwop:1564&r=pub,,,estado-politica-economica,novedad,30,0,sin_coincidencias,POR_VERIFICAR,ed54715cee9b0be8d2f0d0ad,EVALUADO,Detectado en reporte oficial NEP; acceso abierto del documento aún no verificado.,,,
CAND-17E5E3C7EA047C45,nep-pub,nep_report,https://d.repec.org/n?u=RePEc:kue:epaper:e-26-001&r=pub,2026-10-02T18:29:35+00:00,,https://d.repec.org/n?u=RePEc:kue:epaper:e-26-001,,,https://d.repec.org/n?u=RePEc:kue:epaper:e-26-001&r=pub,https://d.repec.org/n?u=RePEc:kue:epaper:e-26-001&r=pub,,,estado-politica-economica,novedad,30,0,sin_coincidencias,POR_VERIFICAR,3774381a26da5c7d7d1acc20,EVALUADO,Detectado en reporte oficial NEP; acceso abierto del documento aún no verificado.,,,
CAND-1119A1106C1435DC,nep-pub,nep_report,https://d.repec.org/n?u=RePEc:osf:socarx:c2ga9_v1&r=pub,2026-10-02T18:29:35+00:00,,https://d.repec.org/n?u=RePEc:osf:socarx:c2ga9_v1,,,https://d.repec.org/n?u=RePEc:osf:socarx:c2ga9_v1&r=pub,https://d.repec.org/n?u=RePEc:osf:socarx:c2ga9_v1&r=pub,,,estado-politica-economica,novedad,30,0,sin_coincidencias,POR_VERIFICAR,67ceb7a77c76fbf850f783bf,EVALUADO,Detectado en reporte oficial NEP; acceso abierto del documento aún no verificado.,,,
CAND-E5A86EF0B9078C64,nep-pub,nep_report,https://d.repec.org/n?u=RePEc:nbr:nberwo:35536&r=pub,2026-10-02T18:29:35+00:00,,https://d.repec.org/n?u=RePEc:nbr:nberwo:35536,,,https://d.repec.org/n?u=RePEc:nbr:nberwo:35536&r=pub,https://d.repec.org/n?u=RePEc:nbr:nberwo:35536&r=pub,,,estado-politica-economica,novedad,30,0,sin_coincidencias,POR_VERIFICAR,88e88df6462910762b9de4fc,EVALUADO,Detectado en reporte oficial NEP; acceso abierto del documento aún no verificado.,,,
CAND-5ACE60BDFDBA4AF6,nep-ltv,nep_report,https://d.repec.org/n?u=RePEc:pen:papers:26-016&r=ltv,2026-10-02T18:29:35+00:00,,https://d.repec.org/n?u=RePEc:pen:papers:26-016,,,https://d.repec.org/n?u=RePEc:pen:papers:26-016&r=ltv,https://d.repec.org/n?u=RePEc:pen:papers:26-016&r=ltv,,,trabajo-distribucion,novedad,30,0,sin_coincidencias,POR_VERIFICAR,4791852818f7489475fb3249,EVALUADO,Detectado en reporte oficial NEP; acceso abierto del documento aún no verificado.,,,
CAND-D43A78C0531CAB59,nep-ltv,nep_report,https://d.repec.org/n?u=RePEc:cte:whrepe:50842&r=ltv,2026-10-02T18:29:35+00:00,,https://d.repec.org/n?u=RePEc:cte:whrepe:50842,,,https://d.repec.org/n?u=RePEc:cte:whrepe:50842&r=ltv,https://d.repec.org/n?u=RePEc:cte:whrepe:50842&r=ltv,,,trabajo-distribucion,novedad,30,0,sin_coincidencias,POR_VERIFICAR,3aec5e6755213bab5226f185,EVALUADO,Detectado en reporte oficial NEP; acceso abierto del documento aún no verificado.,,,
CAND-1C1F9C3465872C16,nep-ltv,nep_report,https://d.repec.org/n?u=RePEc:nbr:nberwo:35746&r=ltv,2026-10-02T18:29:35+00:00,,https://d.repec.org/n?u=RePEc:nbr:nberwo:35746,,,https://d.repec.org/n?u=RePEc:nbr:nberwo:35746&r=ltv,https://d.repec.org/n?u=RePEc:nbr:nberwo:35746&r=ltv,,,trabajo-distribucion,novedad,30,0,sin_coincidencias,POR_VERIFICAR,c6a133065b5d4c4efd13cd9a,EVALUADO,Detectado en reporte oficial NEP; acceso abierto del documento aún no verificado.,,,
CAND-0BBAF4625F2E2640,nep-lma,nep_report,https://d.repec.org/n?u=RePEc:nbr:nberwo:35474&r=lma,2026-10-02T18:29:35+00:00,,https://d.repec.org/n?u=RePEc:nbr:nberwo:35474,,,https://d.repec.org/n?u=RePEc:nbr:nberwo:35474&r=lma,https://d.repec.org/n?u=RePEc:nbr:nberwo:35474&r=lma,,,trabajo-distribucion,novedad,35,0,sin_coincidencias,POR_VERIFICAR,cd55741701dd6733b8c0ec3f,EVALUADO,Detectado en reporte oficial NEP; acceso abierto del documento aún no verificado.,,,
CAND-64798E62480A795B,nep-lma,nep_report,https://d.repec.org/n?u=RePEc:bge:wpaper:1591&r=lma,2026-10-02T18:29:35+00:00,,https://d.repec.org/n?u=RePEc:bge:wpaper:1591,,,https://d.repec.org/n?u=RePEc:bge:wpaper:1591&r=lma,https://d.repec.org/n?u=RePEc:bge:wpaper:1591&r=lma,,,trabajo-distribucion,novedad,35,0,sin_coincidencias,POR_VERIFICAR,46213f30d53679de878c2916,EVALUADO,Detectado en reporte oficial NEP; acceso abierto del documento aún no verificado.,,,
CAND-4ED9B4CCF014D48C,nep-lma,nep_report,https://d.repec.org/n?u=RePEc:nbr:nberwo:35709&r=lma,2026-10-02T18:29:35+00:00,,https://d.repec.org/n?u=RePEc:nbr:nberwo:35709,,,https://d.repec.org/n?u=RePEc:nbr:nberwo:35709&r=lma,https://d.repec.org/n?u=RePEc:nbr:nberwo:35709&r=lma,,,trabajo-distribucion,novedad,35,0,sin_coincidencias,POR_VERIFICAR,e9d1c2e4206eee9408591f6d,EVALUADO,Detectado en reporte oficial NEP; acceso abierto del documento aún no verificado.,,,
CAND-D1847761403F86C8,nep-lma,nep_report,https://d.repec.org/n?u=RePEc:iza:izadps:dp18881&r=lma,2026-10-02T18:29:35+00:00,,https://d.repec.org/n?u=RePEc:iza:izadps:dp18881,,,https://d.repec.org/n?u=RePEc:iza:izadps:dp18881&r=lma,https://d.repec.org/n?u=RePEc:iza:izadps:dp18881&r=lma,,,trabajo-distribucion,novedad,35,0,sin_coincidencias,POR_VERIFICAR,ae8656ff322a5364f73e518d,EVALUADO,Detectado en reporte oficial NEP; acceso abierto del documento aún no verificado.,,,
CAND-9048D0110147437E,nep-lma,nep_report,https://d.repec.org/n?u=RePEc:iza:izadps:dp18880&r=lma,2026-10-02T18:29:35+00:00,,https://d.repec.org/n?u=RePEc:iza:izadps:dp18880,,,https://d.repec.org/n?u=RePEc:iza:izadps:dp18880&r=lma,https://d.repec.org/n?u=RePEc:iza:izadps:dp18880&r=lma,,,trabajo-distribucion,novedad,35,0,sin_coincidencias,POR_VERIFICAR,5d483f9f408302275aa0fc92,EVALUADO,Detectado en reporte oficial NEP; acceso abierto del documento aún no verificado.,,,
CAND-9FA9503E13A615A7,nep-lma,nep_report,https://d.repec.org/n?u=RePEc:ces:ceswps:_12984&r=lma,2026-10-02T18:29:35+00:00,,https://d.repec.org/n?u=RePEc:ces:ceswps:_12984,,,https://d.repec.org/n?u=RePEc:ces:ceswps:_12984&r=lma,https://d.repec.org/n?u=RePEc:ces:ceswps:_12984&r=lma,,,trabajo-distribucion,novedad,35,0,sin_coincidencias,POR_VERIFICAR,7aa0f9441a8c0b0a91bccd03,EVALUADO,Detectado en reporte oficial NEP; acceso abierto del documento aún no verificado.,,,
CAND-E3267616C49FBE6B,nep-lma,nep_report,https://d.repec.org/n?u=RePEc:iza:izadps:dp18887&r=lma,2026-10-02T18:29:35+00:00,,https://d.repec.org/n?u=RePEc:iza:izadps:dp18887,,,https://d.repec.org/n?u=RePEc:iza:izadps:dp18887&r=lma,https://d.repec.org/n?u=RePEc:iza:izadps:dp18887&r=lma,,,trabajo-distribucion,novedad,35,0,sin_coincidencias,POR_VERIFICAR,6283b6ca99bc7596ee860962,EVALUADO,Detectado en reporte oficial NEP; acceso abierto del documento aún no verificado.,,,
CAND-4B1C9FE5CBD63AEC,nep-lma,nep_report,https://d.repec.org/n?u=RePEc:nbr:nberwo:35706&r=lma,2026-10-02T18:29:35+00:00,,https://d.repec.org/n?u=RePEc:nbr:nberwo:35706,,,https://d.repec.org/n?u=RePEc:nbr:nberwo:35706&r=lma,https://d.repec.org/n?u=RePEc:nbr:nberwo:35706&r=lma,,,trabajo-distribucion,novedad,35,0,sin_coincidencias,POR_VERIFICAR,8ef9cb03a7983e00396be310,EVALUADO,Detectado en reporte oficial NEP; acceso abierto del documento aún no verificado.,,,
CAND-59B41DB76B800FD4,nep-lma,nep_report,https://d.repec.org/n?u=RePEc:nbr:nberwo:35697&r=lma,2026-10-02T18:29:35+00:00,,https://d.repec.org/n?u=RePEc:nbr:nberwo:35697,,,https://d.repec.org/n?u=RePEc:nbr:nberwo:35697&r=lma,https://d.repec.org/n?u=RePEc:nbr:nberwo:35697&r=lma,,,trabajo-distribucion,novedad,35,0,sin_coincidencias,POR_VERIFICAR,650a40c46563dd151ced66d3,EVALUADO,Detectado en reporte oficial NEP; acceso abierto del documento aún no verificado.,,,
CAND-BD0D79EDD810E2CF,nep-lma,nep_report,https://d.repec.org/n?u=RePEc:cam:camdae:2668&r=lma,2026-10-02T18:29:35+00:00,,https://d.repec.org/n?u=RePEc:cam:camdae:2668,,,https://d.repec.org/n?u=RePEc:cam:camdae:2668&r=lma,https://d.repec.org/n?u=RePEc:cam:camdae:2668&r=lma,,,trabajo-distribucion,novedad,35,0,sin_coincidencias,POR_VERIFICAR,bd4270e301d48f7f30378b78,EVALUADO,Detectado en reporte oficial NEP; acceso abierto del documento aún no verificado.,,,
CAND-A281D63B7BF20E3F,nep-lma,nep_report,https://d.repec.org/n?u=RePEc:zbw:glodps:1813&r=lma,2026-10-02T18:29:35+00:00,,https://d.repec.org/n?u=RePEc:zbw:glodps:1813,,,https://d.repec.org/n?u=RePEc:zbw:glodps:1813&r=lma,https://d.repec.org/n?u=RePEc:zbw:glodps:1813&r=lma,,,trabajo-distribucion,novedad,35,0,sin_coincidencias,POR_VERIFICAR,4d11c564424e7034cb7fded1,EVALUADO,Detectado en reporte oficial NEP; acceso abierto del documento aún no verificado.,,,
CAND-5FDC24B6DDE53C1D,nep-lma,nep_report,https://d.repec.org/n?u=RePEc:oec:elsaad:198-en&r=lma,2026-10-02T18:29:35+00:00,,https://d.repec.org/n?u=RePEc:oec:elsaad:198-en,,,https://d.repec.org/n?u=RePEc:oec:elsaad:198-en&r=lma,https://d.repec.org/n?u=RePEc:oec:elsaad:198-en&r=lma,,,trabajo-distribucion,novedad,35,0,sin_coincidencias,POR_VERIFICAR,84cc4889d6f4b8efa4e3422c,EVALUADO,Detectado en reporte oficial NEP; acceso abierto del documento aún no verificado.,,,
CAND-310EF67C0E08E873,nep-lma,nep_report,https://d.repec.org/n?u=RePEc:iza:izadps:dp18889&r=lma,2026-10-02T18:29:35+00:00,,https://d.repec.org/n?u=RePEc:iza:izadps:dp18889,,,https://d.repec.org/n?u=RePEc:iza:izadps:dp18889&r=lma,https://d.repec.org/n?u=RePEc:iza:izadps:dp18889&r=lma,,,trabajo-distribucion,novedad,35,0,sin_coincidencias,POR_VERIFICAR,7e054d72d08d549ecd666344,EVALUADO,Detectado en reporte oficial NEP; acceso abierto del documento aún no verificado.,,,
CAND-EDE8CC8021DFC9EC,nep-lma,nep_report,https://d.repec.org/n?u=RePEc:osf:socarx:ws57n_v1&r=lma,2026-10-02T18:29:35+00:00,,https://d.repec.org/n?u=RePEc:osf:socarx:ws57n_v1,,,https://d.repec.org/n?u=RePEc:osf:socarx:ws57n_v1&r=lma,https://d.repec.org/n?u=RePEc:osf:socarx:ws57n_v1&r=lma,,,trabajo-distribucion,novedad,35,0,sin_coincidencias,POR_VERIFICAR,c18c11c12d2a5df07a8c7bb6,EVALUADO,Detectado en reporte oficial NEP; acceso abierto del documento aún no verificado.,,,
CAND-90BF3E2DF31B007A,nep-lma,nep_report,https://d.repec.org/n?u=RePEc:hka:wpaper:2026-007&r=lma,2026-10-02T18:29:35+00:00,,https://d.repec.org/n?u=RePEc:hka:wpaper:2026-007,,,https://d.repec.org/n?u=RePEc:hka:wpaper:2026-007&r=lma,https://d.repec.org/n?u=RePEc:hka:wpaper:2026-007&r=lma,,,trabajo-distribucion,novedad,35,0,sin_coincidencias,POR_VERIFICAR,fb73b41cfa73a147b809b855,EVALUADO,Detectado en reporte oficial NEP; acceso abierto del documento aún no verificado.,,,
CAND-85D8596E400F83D0,nep-lma,nep_report,https://d.repec.org/n?u=RePEc:csa:wpaper:2026-05&r=lma,2026-10-02T18:29:35+00:00,,https://d.repec.org/n?u=RePEc:csa:wpaper:2026-05,,,https://d.repec.org/n?u=RePEc:csa:wpaper:2026-05&r=lma,https://d.repec.org/n?u=RePEc:csa:wpaper:2026-05&r=lma,,,trabajo-distribucion,novedad,35,0,sin_coincidencias,POR_VERIFICAR,6e6594a4a6bd229969773d9f,EVALUADO,Detectado en reporte oficial NEP; acceso abierto del documento aún no verificado.,,,
CAND-0B1ADB47D37E2021,nep-lma,nep_report,https://d.repec.org/n?u=RePEc:ces:ceswps:_12960&r=lma,2026-10-02T18:29:35+00:00,,https://d.repec.org/n?u=RePEc:ces:ceswps:_12960,,,https://d.repec.org/n?u=RePEc:ces:ceswps:_12960&r=lma,https://d.repec.org/n?u=RePEc:ces:ceswps:_12960&r=lma,,,trabajo-distribucion,novedad,35,0,sin_coincidencias,POR_VERIFICAR,171c601ebe419474e666a49e,EVALUADO,Detectado en reporte oficial NEP; acceso abierto del documento aún no verificado.,,,
CAND-D24F855021373140,nep-lma,nep_report,https://d.repec.org/n?u=RePEc:ces:ceswps:_12958&r=lma,2026-10-02T18:29:35+00:00,,https://d.repec.org/n?u=RePEc:ces:ceswps:_12958,,,https://d.repec.org/n?u=RePEc:ces:ceswps:_12958&r=lma,https://d.repec.org/n?u=RePEc:ces:ceswps:_12958&r=lma,,,trabajo-distribucion,novedad,35,0,sin_coincidencias,POR_VERIFICAR,162002dbadb44d1debb57835,EVALUADO,Detectado en reporte oficial NEP; acceso abierto del documento aún no verificado.,,,
CAND-EBB3B6A124D37DE5,nep-lma,nep_report,https://d.repec.org/n?u=RePEc:iza:izadps:dp18882&r=lma,2026-10-02T18:29:35+00:00,,https://d.repec.org/n?u=RePEc:iza:izadps:dp18882,,,https://d.repec.org/n?u=RePEc:iza:izadps:dp18882&r=lma,https://d.repec.org/n?u=RePEc:iza:izadps:dp18882&r=lma,,,trabajo-distribucion,novedad,35,0,sin_coincidencias,POR_VERIFICAR,6f1fb257d6c3cc86ff27e260,EVALUADO,Detectado en reporte oficial NEP; acceso abierto del documento aún no verificado.,,,
CAND-3C10764068AF6714,nep-lma,nep_report,https://d.repec.org/n?u=RePEc:bon:boncrc:crctr224_2025_778&r=lma,2026-10-02T18:29:35+00:00,,https://d.repec.org/n?u=RePEc:bon:boncrc:crctr224_2025_778,,,https://d.repec.org/n?u=RePEc:bon:boncrc:crctr224_2025_778&r=lma,https://d.repec.org/n?u=RePEc:bon:boncrc:crctr224_2025_778&r=lma,,,trabajo-distribucion,novedad,35,0,sin_coincidencias,POR_VERIFICAR,629290f824259684d11b8b96,EVALUADO,Detectado en reporte oficial NEP; acceso abierto del documento aún no verificado.,,,
CAND-E5E906C0B013C2AE,nep-lma,nep_report,https://d.repec.org/n?u=RePEc:uab:wprdea:wpdea2608&r=lma,2026-10-02T18:29:35+00:00,,https://d.repec.org/n?u=RePEc:uab:wprdea:wpdea2608,,,https://d.repec.org/n?u=RePEc:uab:wprdea:wpdea2608&r=lma,https://d.repec.org/n?u=RePEc:uab:wprdea:wpdea2608&r=lma,,,trabajo-distribucion,novedad,35,0,sin_coincidencias,POR_VERIFICAR,518fa132b69d7333c9e69171,EVALUADO,Detectado en reporte oficial NEP; acceso abierto del documento aún no verificado.,,,
CAND-036A0AD115D52964,nep-lma,nep_report,https://d.repec.org/n?u=RePEc:nbr:nberwo:35501&r=lma,2026-10-02T18:29:35+00:00,,https://d.repec.org/n?u=RePEc:nbr:nberwo:35501,,,https://d.repec.org/n?u=RePEc:nbr:nberwo:35501&r=lma,https://d.repec.org/n?u=RePEc:nbr:nberwo:35501&r=lma,,,trabajo-distribucion,novedad,35,0,sin_coincidencias,POR_VERIFICAR,cdfeec3b3f34ea1d58976fbf,EVALUADO,Detectado en reporte oficial NEP; acceso abierto del documento aún no verificado.,,,
CAND-72207384F1A8E8FB,nep-lma,nep_report,https://d.repec.org/n?u=RePEc:hka:wpaper:2026-011&r=lma,2026-10-02T18:29:35+00:00,,https://d.repec.org/n?u=RePEc:hka:wpaper:2026-011,,,https://d.repec.org/n?u=RePEc:hka:wpaper:2026-011&r=lma,https://d.repec.org/n?u=RePEc:hka:wpaper:2026-011&r=lma,,,trabajo-distribucion,novedad,35,0,sin_coincidencias,POR_VERIFICAR,8d6b487312ad8f86a854f512,EVALUADO,Detectado en reporte oficial NEP; acceso abierto del documento aún no verificado.,,,
CAND-41E0EBECC18126F4,nep-lma,nep_report,https://d.repec.org/n?u=RePEc:iza:izadps:dp18873&r=lma,2026-10-02T18:29:35+00:00,,https://d.repec.org/n?u=RePEc:iza:izadps:dp18873,,,https://d.repec.org/n?u=RePEc:iza:izadps:dp18873&r=lma,https://d.repec.org/n?u=RePEc:iza:izadps:dp18873&r=lma,,,trabajo-distribucion,novedad,35,0,sin_coincidencias,POR_VERIFICAR,dd9af12b71865796114976d3,EVALUADO,Detectado en reporte oficial NEP; acceso abierto del documento aún no verificado.,,,
CAND-FA76FD63C77E4B20,nep-lma,nep_report,https://d.repec.org/n?u=RePEc:ces:ceswps:_12969&r=lma,2026-10-02T18:29:35+00:00,,https://d.repec.org/n?u=RePEc:ces:ceswps:_12969,,,https://d.repec.org/n?u=RePEc:ces:ceswps:_12969&r=lma,https://d.repec.org/n?u=RePEc:ces:ceswps:_12969&r=lma,,,trabajo-distribucion,novedad,35,0,sin_coincidencias,POR_VERIFICAR,3e4e72ea74be25c33664fb94,EVALUADO,Detectado en reporte oficial NEP; acceso abierto del documento aún no verificado.,,,
CAND-81AF05AB7B98BD06,nep-lma,nep_report,https://d.repec.org/n?u=RePEc:bon:boncrc:crctr224_2025_780&r=lma,2026-10-02T18:29:35+00:00,,https://d.repec.org/n?u=RePEc:bon:boncrc:crctr224_2025_780,,,https://d.repec.org/n?u=RePEc:bon:boncrc:crctr224_2025_780&r=lma,https://d.repec.org/n?u=RePEc:bon:boncrc:crctr224_2025_780&r=lma,,,trabajo-distribucion,novedad,35,0,sin_coincidencias,POR_VERIFICAR,166db796b2c60fbecadef2a7,EVALUADO,Detectado en reporte oficial NEP; acceso abierto del documento aún no verificado.,,,
CAND-A39B6DA67CB563BA,nep-lma,nep_report,https://d.repec.org/n?u=RePEc:jku:econwp:2026-06&r=lma,2026-10-02T18:29:35+00:00,,https://d.repec.org/n?u=RePEc:jku:econwp:2026-06,,,https://d.repec.org/n?u=RePEc:jku:econwp:2026-06&r=lma,https://d.repec.org/n?u=RePEc:jku:econwp:2026-06&r=lma,,,trabajo-distribucion,novedad,35,0,sin_coincidencias,POR_VERIFICAR,23d195d0fdd3e6c4772398d4,EVALUADO,Detectado en reporte oficial NEP; acceso abierto del documento aún no verificado.,,,
CAND-B89F2D6BC3838EC1,nep-lma,nep_report,https://d.repec.org/n?u=RePEc:hka:wpaper:2026-006&r=lma,2026-10-02T18:29:35+00:00,,https://d.repec.org/n?u=RePEc:hka:wpaper:2026-006,,,https://d.repec.org/n?u=RePEc:hka:wpaper:2026-006&r=lma,https://d.repec.org/n?u=RePEc:hka:wpaper:2026-006&r=lma,,,trabajo-distribucion,novedad,35,0,sin_coincidencias,POR_VERIFICAR,34467b7eef0312045618786b,EVALUADO,Detectado en reporte oficial NEP; acceso abierto del documento aún no verificado.,,,
CAND-432A59155464EA4F,nep-lma,nep_report,https://d.repec.org/n?u=RePEc:ces:ceswps:_12989&r=lma,2026-10-02T18:29:35+00:00,,https://d.repec.org/n?u=RePEc:ces:ceswps:_12989,,,https://d.repec.org/n?u=RePEc:ces:ceswps:_12989&r=lma,https://d.repec.org/n?u=RePEc:ces:ceswps:_12989&r=lma,,,trabajo-distribucion,novedad,35,0,sin_coincidencias,POR_VERIFICAR,949d1b02508f33462c0d2e48,EVALUADO,Detectado en reporte oficial NEP; acceso abierto del documento aún no verificado.,,,
CAND-0A09F285DF279CB3,nep-his,nep_report,https://d.repec.org/n?u=RePEc:nbr:nberwo:35686&r=his,2026-10-02T18:29:35+00:00,,https://d.repec.org/n?u=RePEc:nbr:nberwo:35686,,,https://d.repec.org/n?u=RePEc:nbr:nberwo:35686&r=his,https://d.repec.org/n?u=RePEc:nbr:nberwo:35686&r=his,,,historia-economica,novedad,35,0,sin_coincidencias,POR_VERIFICAR,ac0046de681ca37150ef71fc,EVALUADO,Detectado en reporte oficial NEP; acceso abierto del documento aún no verificado.,,,
CAND-D6D996D0A68B5C46,nep-his,nep_report,https://d.repec.org/n?u=RePEc:pra:mprapa:130394&r=his,2026-10-02T18:29:35+00:00,,https://d.repec.org/n?u=RePEc:pra:mprapa:130394,,,https://d.repec.org/n?u=RePEc:pra:mprapa:130394&r=his,https://d.repec.org/n?u=RePEc:pra:mprapa:130394&r=his,,,historia-economica,novedad,35,0,sin_coincidencias,POR_VERIFICAR,66104dd58b5f875450861864,EVALUADO,Detectado en reporte oficial NEP; acceso abierto del documento aún no verificado.,,,
CAND-2E319B8EC137A5C0,nep-his,nep_report,https://d.repec.org/n?u=RePEc:boe:boeewp:023257&r=his,2026-10-02T18:29:35+00:00,,https://d.repec.org/n?u=RePEc:boe:boeewp:023257,,,https://d.repec.org/n?u=RePEc:boe:boeewp:023257&r=his,https://d.repec.org/n?u=RePEc:boe:boeewp:023257&r=his,,,historia-economica,novedad,35,0,sin_coincidencias,POR_VERIFICAR,cdfb59205cacc5b34258050b,EVALUADO,Detectado en reporte oficial NEP; acceso abierto del documento aún no verificado.,,,
CAND-515B0B91CC2B6445,nep-his,nep_report,https://d.repec.org/n?u=RePEc:osf:socarx:nmwqj_v1&r=his,2026-10-02T18:29:35+00:00,,https://d.repec.org/n?u=RePEc:osf:socarx:nmwqj_v1,,,https://d.repec.org/n?u=RePEc:osf:socarx:nmwqj_v1&r=his,https://d.repec.org/n?u=RePEc:osf:socarx:nmwqj_v1&r=his,,,historia-economica,novedad,35,0,sin_coincidencias,POR_VERIFICAR,c38a947c02a1f4ee46b22a42,EVALUADO,Detectado en reporte oficial NEP; acceso abierto del documento aún no verificado.,,,
CAND-ABFC3D0D98FDF8C1,nep-his,nep_report,https://d.repec.org/n?u=RePEc:eca:wpaper:2013/413186&r=his,2026-10-02T18:29:35+00:00,,https://d.repec.org/n?u=RePEc:eca:wpaper:2013/413186,,,https://d.repec.org/n?u=RePEc:eca:wpaper:2013/413186&r=his,https://d.repec.org/n?u=RePEc:eca:wpaper:2013/413186&r=his,,,historia-economica,novedad,35,0,sin_coincidencias,POR_VERIFICAR,372360e737c45268fd585afe,EVALUADO,Detectado en reporte oficial NEP; acceso abierto del documento aún no verificado.,,,
CAND-A365D55911472421,nep-his,nep_report,https://d.repec.org/n?u=RePEc:zbw:aluord:343102&r=his,2026-10-02T18:29:35+00:00,,https://d.repec.org/n?u=RePEc:zbw:aluord:343102,,,https://d.repec.org/n?u=RePEc:zbw:aluord:343102&r=his,https://d.repec.org/n?u=RePEc:zbw:aluord:343102&r=his,,,historia-economica,novedad,35,0,sin_coincidencias,POR_VERIFICAR,ed0711adafabdca60ef00711,EVALUADO,Detectado en reporte oficial NEP; acceso abierto del documento aún no verificado.,,,
CAND-A84464E5BD63C033,nep-his,nep_report,https://d.repec.org/n?u=RePEc:hes:wpaper:0310&r=his,2026-10-02T18:29:35+00:00,,https://d.repec.org/n?u=RePEc:hes:wpaper:0310,,,https://d.repec.org/n?u=RePEc:hes:wpaper:0310&r=his,https://d.repec.org/n?u=RePEc:hes:wpaper:0310&r=his,,,historia-economica,novedad,35,0,sin_coincidencias,POR_VERIFICAR,e61fa5d54f58c891cb74138d,EVALUADO,Detectado en reporte oficial NEP; acceso abierto del documento aún no verificado.,,,
CAND-A58912B69D1C4865,nep-his,nep_report,https://d.repec.org/n?u=RePEc:nbr:nberwo:35504&r=his,2026-10-02T18:29:35+00:00,,https://d.repec.org/n?u=RePEc:nbr:nberwo:35504,,,https://d.repec.org/n?u=RePEc:nbr:nberwo:35504&r=his,https://d.repec.org/n?u=RePEc:nbr:nberwo:35504&r=his,,,historia-economica,novedad,35,0,sin_coincidencias,POR_VERIFICAR,55d128ef23f8f444aa0c0b9d,EVALUADO,Detectado en reporte oficial NEP; acceso abierto del documento aún no verificado.,,,
CAND-8B5C85F59FB0A795,nep-his,nep_report,https://d.repec.org/n?u=RePEc:arx:papers:2608.06048&r=his,2026-10-02T18:29:35+00:00,,https://d.repec.org/n?u=RePEc:arx:papers:2608.06048,,,https://d.repec.org/n?u=RePEc:arx:papers:2608.06048&r=his,https://d.repec.org/n?u=RePEc:arx:papers:2608.06048&r=his,,,historia-economica,novedad,35,0,sin_coincidencias,POR_VERIFICAR,d0cecdb2fad7520755784017,EVALUADO,Detectado en reporte oficial NEP; acceso abierto del documento aún no verificado.,,,
CAND-39B74A0B33EB890E,nep-his,nep_report,https://d.repec.org/n?u=RePEc:boe:boeewp:023253&r=his,2026-10-02T18:29:35+00:00,,https://d.repec.org/n?u=RePEc:boe:boeewp:023253,,,https://d.repec.org/n?u=RePEc:boe:boeewp:023253&r=his,https://d.repec.org/n?u=RePEc:boe:boeewp:023253&r=his,,,historia-economica,novedad,35,0,sin_coincidencias,POR_VERIFICAR,4aa5b28edbfad67a1e025c76,EVALUADO,Detectado en reporte oficial NEP; acceso abierto del documento aún no verificado.,,,
CAND-904BC3B50A79935A,nep-his,nep_report,https://d.repec.org/n?u=RePEc:fip:fedlwp:103698&r=his,2026-10-02T18:29:35+00:00,,https://d.repec.org/n?u=RePEc:fip:fedlwp:103698,,,https://d.repec.org/n?u=RePEc:fip:fedlwp:103698&r=his,https://d.repec.org/n?u=RePEc:fip:fedlwp:103698&r=his,,,historia-economica,novedad,35,0,sin_coincidencias,POR_VERIFICAR,74a7e15b38c2145aead1dee8,EVALUADO,Detectado en reporte oficial NEP; acceso abierto del documento aún no verificado.,,,
CAND-86255CA85EE01EC1,nep-his,nep_report,https://d.repec.org/n?u=RePEc:nbr:nberwo:35471&r=his,2026-10-02T18:29:35+00:00,,https://d.repec.org/n?u=RePEc:nbr:nberwo:35471,,,https://d.repec.org/n?u=RePEc:nbr:nberwo:35471&r=his,https://d.repec.org/n?u=RePEc:nbr:nberwo:35471&r=his,,,historia-economica,novedad,35,0,sin_coincidencias,POR_VERIFICAR,94482f78d6859f43a0900eee,EVALUADO,Detectado en reporte oficial NEP; acceso abierto del documento aún no verificado.,,,
CAND-B2C9D4B228E49771,nep-his,nep_report,https://d.repec.org/n?u=RePEc:nbr:nberwo:35539&r=his,2026-10-02T18:29:35+00:00,,https://d.repec.org/n?u=RePEc:nbr:nberwo:35539,,,https://d.repec.org/n?u=RePEc:nbr:nberwo:35539&r=his,https://d.repec.org/n?u=RePEc:nbr:nberwo:35539&r=his,,,historia-economica,novedad,35,0,sin_coincidencias,POR_VERIFICAR,b8183f33f84cba1fb35dcc86,EVALUADO,Detectado en reporte oficial NEP; acceso abierto del documento aún no verificado.,,,
CAND-8B291B00761FC5EC,nep-his,nep_report,https://d.repec.org/n?u=RePEc:zbw:swpcom:343140&r=his,2026-10-02T18:29:35+00:00,,https://d.repec.org/n?u=RePEc:zbw:swpcom:343140,,,https://d.repec.org/n?u=RePEc:zbw:swpcom:343140&r=his,https://d.repec.org/n?u=RePEc:zbw:swpcom:343140&r=his,,,historia-economica,novedad,35,0,sin_coincidencias,POR_VERIFICAR,e1beb4169baca5854a52787e,EVALUADO,Detectado en reporte oficial NEP; acceso abierto del documento aún no verificado.,,,
CAND-0AE8CDA7D2E12F7B,nep-his,nep_report,https://d.repec.org/n?u=RePEc:gii:giihei:heidwp24-2026&r=his,2026-10-02T18:29:35+00:00,,https://d.repec.org/n?u=RePEc:gii:giihei:heidwp24-2026,,,https://d.repec.org/n?u=RePEc:gii:giihei:heidwp24-2026&r=his,https://d.repec.org/n?u=RePEc:gii:giihei:heidwp24-2026&r=his,,,historia-economica,novedad,35,0,sin_coincidencias,POR_VERIFICAR,bdad367dfecde916f2c80d3a,EVALUADO,Detectado en reporte oficial NEP; acceso abierto del documento aún no verificado.,,,
CAND-CFEA4A5823BC29CF,nep-his,nep_report,https://d.repec.org/n?u=RePEc:nbr:nberwo:35664&r=his,2026-10-02T18:29:35+00:00,,https://d.repec.org/n?u=RePEc:nbr:nberwo:35664,,,https://d.repec.org/n?u=RePEc:nbr:nberwo:35664&r=his,https://d.repec.org/n?u=RePEc:nbr:nberwo:35664&r=his,,,historia-economica,novedad,35,0,sin_coincidencias,POR_VERIFICAR,20207029ca07ec3f782028f9,EVALUADO,Detectado en reporte oficial NEP; acceso abierto del documento aún no verificado.,,,
CAND-319CFD37E7B15FCF,nep-his,nep_report,https://d.repec.org/n?u=RePEc:rco:dpaper:581&r=his,2026-10-02T18:29:35+00:00,,https://d.repec.org/n?u=RePEc:rco:dpaper:581,,,https://d.repec.org/n?u=RePEc:rco:dpaper:581&r=his,https://d.repec.org/n?u=RePEc:rco:dpaper:581&r=his,,,historia-economica,novedad,35,0,sin_coincidencias,POR_VERIFICAR,4c1af33d334a4b6181054f16,EVALUADO,Detectado en reporte oficial NEP; acceso abierto del documento aún no verificado.,,,
CAND-6A9B7154C9D072E8,nep-his,nep_report,https://d.repec.org/n?u=RePEc:imf:imfwpa:2026/189&r=his,2026-10-02T18:29:35+00:00,,https://d.repec.org/n?u=RePEc:imf:imfwpa:2026/189,,,https://d.repec.org/n?u=RePEc:imf:imfwpa:2026/189&r=his,https://d.repec.org/n?u=RePEc:imf:imfwpa:2026/189&r=his,,,historia-economica,novedad,35,0,sin_coincidencias,POR_VERIFICAR,dcbcec872f011fdcc1f83d33,EVALUADO,Detectado en reporte oficial NEP; acceso abierto del documento aún no verificado.,,,
CAND-1981D213762C2E78,nep-his,nep_report,https://d.repec.org/n?u=RePEc:arx:papers:2608.05355&r=his,2026-10-02T18:29:35+00:00,,https://d.repec.org/n?u=RePEc:arx:papers:2608.05355,,,https://d.repec.org/n?u=RePEc:arx:papers:2608.05355&r=his,https://d.repec.org/n?u=RePEc:arx:papers:2608.05355&r=his,,,historia-economica,novedad,35,0,sin_coincidencias,POR_VERIFICAR,f306c79798a49a73eaa7cfc1,EVALUADO,Detectado en reporte oficial NEP; acceso abierto del documento aún no verificado.,,,
CAND-31ACBAA8EF7400A1,nep-his,nep_report,https://d.repec.org/n?u=RePEc:pra:mprapa:130375&r=his,2026-10-02T18:29:35+00:00,,https://d.repec.org/n?u=RePEc:pra:mprapa:130375,,,https://d.repec.org/n?u=RePEc:pra:mprapa:130375&r=his,https://d.repec.org/n?u=RePEc:pra:mprapa:130375&r=his,,,historia-economica,novedad,35,0,sin_coincidencias,POR_VERIFICAR,209976a6855197389749aba1,EVALUADO,Detectado en reporte oficial NEP; acceso abierto del documento aún no verificado.,,,
CAND-9E8D252773BA0043,nep-his,nep_report,https://d.repec.org/n?u=RePEc:nbr:nberwo:35718&r=his,2026-10-02T18:29:35+00:00,,https://d.repec.org/n?u=RePEc:nbr:nberwo:35718,,,https://d.repec.org/n?u=RePEc:nbr:nberwo:35718&r=his,https://d.repec.org/n?u=RePEc:nbr:nberwo:35718&r=his,,,historia-economica,novedad,35,0,sin_coincidencias,POR_VERIFICAR,20284b6115f9d25230861e23,EVALUADO,Detectado en reporte oficial NEP; acceso abierto del documento aún no verificado.,,,
CAND-90E956D8A0156A25,nep-his,nep_report,https://d.repec.org/n?u=RePEc:nbr:nberwo:35523&r=his,2026-10-02T18:29:35+00:00,,https://d.repec.org/n?u=RePEc:nbr:nberwo:35523,,,https://d.repec.org/n?u=RePEc:nbr:nberwo:35523&r=his,https://d.repec.org/n?u=RePEc:nbr:nberwo:35523&r=his,,,historia-economica,novedad,35,0,sin_coincidencias,POR_VERIFICAR,1d1b7e03f384f8c17cfe37e9,EVALUADO,Detectado en reporte oficial NEP; acceso abierto del documento aún no verificado.,,,
CAND-35159E1658CAC4BC,nep-his,nep_report,https://d.repec.org/n?u=RePEc:nbr:nberwo:35556&r=his,2026-10-02T18:29:35+00:00,,https://d.repec.org/n?u=RePEc:nbr:nberwo:35556,,,https://d.repec.org/n?u=RePEc:nbr:nberwo:35556&r=his,https://d.repec.org/n?u=RePEc:nbr:nberwo:35556&r=his,,,historia-economica,novedad,35,0,sin_coincidencias,POR_VERIFICAR,4c925f0d743fe8b61790750c,EVALUADO,Detectado en reporte oficial NEP; acceso abierto del documento aún no verificado.,,,
CAND-8025C617D2CCC7C0,nep-his,nep_report,https://d.repec.org/n?u=RePEc:hal:journl:hal-05733864&r=his,2026-10-02T18:29:35+00:00,,https://d.repec.org/n?u=RePEc:hal:journl:hal-05733864,,,https://d.repec.org/n?u=RePEc:hal:journl:hal-05733864&r=his,https://d.repec.org/n?u=RePEc:hal:journl:hal-05733864&r=his,,,historia-economica,novedad,35,0,sin_coincidencias,POR_VERIFICAR,4325071590e9c1e9c5516690,EVALUADO,Detectado en reporte oficial NEP; acceso abierto del documento aún no verificado.,,,
CAND-C68D52B58FDD45CB,nep-his,nep_report,https://d.repec.org/n?u=RePEc:nbr:nberwo:35531&r=his,2026-10-02T18:29:35+00:00,,https://d.repec.org/n?u=RePEc:nbr:nberwo:35531,,,https://d.repec.org/n?u=RePEc:nbr:nberwo:35531&r=his,https://d.repec.org/n?u=RePEc:nbr:nberwo:35531&r=his,,,historia-economica,novedad,35,0,sin_coincidencias,POR_VERIFICAR,ac4edc1508dc66a97a0fe6e5,EVALUADO,Detectado en reporte oficial NEP; acceso abierto del documento aún no verificado.,,,
CAND-06FC6A75C996025D,nep-his,nep_report,https://d.repec.org/n?u=RePEc:nbr:nberwo:35715&r=his,2026-10-02T18:29:35+00:00,,https://d.repec.org/n?u=RePEc:nbr:nberwo:35715,,,https://d.repec.org/n?u=RePEc:nbr:nberwo:35715&r=his,https://d.repec.org/n?u=RePEc:nbr:nberwo:35715&r=his,,,historia-economica,novedad,35,0,sin_coincidencias,POR_VERIFICAR,ad980203729233e19c7026e7,EVALUADO,Detectado en reporte oficial NEP; acceso abierto del documento aún no verificado.,,,
CAND-D902942222BA9425,nep-his,nep_report,https://d.repec.org/n?u=RePEc:osf:socarx:khn9f_v1&r=his,2026-10-02T18:29:35+00:00,,https://d.repec.org/n?u=RePEc:osf:socarx:khn9f_v1,,,https://d.repec.org/n?u=RePEc:osf:socarx:khn9f_v1&r=his,https://d.repec.org/n?u=RePEc:osf:socarx:khn9f_v1&r=his,,,historia-economica,novedad,35,0,sin_coincidencias,POR_VERIFICAR,3d4443df7cca4a858134fc5f,EVALUADO,Detectado en reporte oficial NEP; acceso abierto del documento aún no verificado.,,,
CAND-A0C266E7FAF8CF16,nep-his,nep_report,https://d.repec.org/n?u=RePEc:arx:papers:2608.21506&r=his,2026-10-02T18:29:35+00:00,,https://d.repec.org/n?u=RePEc:arx:papers:2608.21506,,,https://d.repec.org/n?u=RePEc:arx:papers:2608.21506&r=his,https://d.repec.org/n?u=RePEc:arx:papers:2608.21506&r=his,,,historia-economica,novedad,35,0,sin_coincidencias,POR_VERIFICAR,b3d19cd7982855b23c2839f6,EVALUADO,Detectado en reporte oficial NEP; acceso abierto del documento aún no verificado.,,,
CAND-00E2EF8CDB60FDF9,nep-his,nep_report,https://d.repec.org/n?u=RePEc:kgu:wpaper:313&r=his,2026-10-02T18:29:35+00:00,,https://d.repec.org/n?u=RePEc:kgu:wpaper:313,,,https://d.repec.org/n?u=RePEc:kgu:wpaper:313&r=his,https://d.repec.org/n?u=RePEc:kgu:wpaper:313&r=his,,,historia-economica,novedad,35,0,sin_coincidencias,POR_VERIFICAR,187506c0c16c7a8b3bdd8669,EVALUADO,Detectado en reporte oficial NEP; acceso abierto del documento aún no verificado.,,,
CAND-AA9624C8524F0748,nep-his,nep_report,https://d.repec.org/n?u=RePEc:arx:papers:2608.18119&r=his,2026-10-02T18:29:35+00:00,,https://d.repec.org/n?u=RePEc:arx:papers:2608.18119,,,https://d.repec.org/n?u=RePEc:arx:papers:2608.18119&r=his,https://d.repec.org/n?u=RePEc:arx:papers:2608.18119&r=his,,,historia-economica,novedad,35,0,sin_coincidencias,POR_VERIFICAR,d6681674b0aa04029a9498ec,EVALUADO,Detectado en reporte oficial NEP; acceso abierto del documento aún no verificado.,,,
CAND-298D7EC517B26851,nep-his,nep_report,https://d.repec.org/n?u=RePEc:cdl:cshedu:qt2s7426hb&r=his,2026-10-02T18:29:35+00:00,,https://d.repec.org/n?u=RePEc:cdl:cshedu:qt2s7426hb,,,https://d.repec.org/n?u=RePEc:cdl:cshedu:qt2s7426hb&r=his,https://d.repec.org/n?u=RePEc:cdl:cshedu:qt2s7426hb&r=his,,,historia-economica,novedad,35,0,sin_coincidencias,POR_VERIFICAR,fc085d325b0f2010df5e13f8,EVALUADO,Detectado en reporte oficial NEP; acceso abierto del documento aún no verificado.,,,
CAND-33DAFA71AA609AD0,nep-his,nep_report,https://d.repec.org/n?u=RePEc:osf:socarx:fe4gc_v1&r=his,2026-10-02T18:29:35+00:00,,https://d.repec.org/n?u=RePEc:osf:socarx:fe4gc_v1,,,https://d.repec.org/n?u=RePEc:osf:socarx:fe4gc_v1&r=his,https://d.repec.org/n?u=RePEc:osf:socarx:fe4gc_v1&r=his,,,historia-economica,novedad,35,0,sin_coincidencias,POR_VERIFICAR,6d7d316f92dfbfe5f8955954,EVALUADO,Detectado en reporte oficial NEP; acceso abierto del documento aún no verificado.,,,
CAND-B66F31146A987EEF,nep-his,nep_report,https://d.repec.org/n?u=RePEc:iza:izadps:dp18876&r=his,2026-10-02T18:29:35+00:00,,https://d.repec.org/n?u=RePEc:iza:izadps:dp18876,,,https://d.repec.org/n?u=RePEc:iza:izadps:dp18876&r=his,https://d.repec.org/n?u=RePEc:iza:izadps:dp18876&r=his,,,historia-economica,novedad,35,0,sin_coincidencias,POR_VERIFICAR,f43b4015faca5c5ba2d2e916,EVALUADO,Detectado en reporte oficial NEP; acceso abierto del documento aún no verificado.,,,
CAND-B73CFF05B64D98D7,nep-his,nep_report,https://d.repec.org/n?u=RePEc:osf:socarx:6rkx7_v2&r=his,2026-10-02T18:29:35+00:00,,https://d.repec.org/n?u=RePEc:osf:socarx:6rkx7_v2,,,https://d.repec.org/n?u=RePEc:osf:socarx:6rkx7_v2&r=his,https://d.repec.org/n?u=RePEc:osf:socarx:6rkx7_v2&r=his,,,historia-economica,novedad,35,0,sin_coincidencias,POR_VERIFICAR,254320af14d17946392ef8ec,EVALUADO,Detectado en reporte oficial NEP; acceso abierto del documento aún no verificado.,,,
CAND-1925534DFF30529A,nep-his,nep_report,https://d.repec.org/n?u=RePEc:arx:papers:2609.04994&r=his,2026-10-02T18:29:35+00:00,,https://d.repec.org/n?u=RePEc:arx:papers:2609.04994,,,https://d.repec.org/n?u=RePEc:arx:papers:2609.04994&r=his,https://d.repec.org/n?u=RePEc:arx:papers:2609.04994&r=his,,,historia-economica,novedad,35,0,sin_coincidencias,POR_VERIFICAR,9c89f812def27d9d23d13716,EVALUADO,Detectado en reporte oficial NEP; acceso abierto del documento aún no verificado.,,,
CAND-65582F4A6AE1DC18,nep-lam,nep_report,https://d.repec.org/n?u=RePEc:ipc:idopen:018&r=lam,2026-10-02T18:29:35+00:00,,https://d.repec.org/n?u=RePEc:ipc:idopen:018,,,https://d.repec.org/n?u=RePEc:ipc:idopen:018&r=lam,https://d.repec.org/n?u=RePEc:ipc:idopen:018&r=lam,,,america-latina,novedad,20,0,sin_coincidencias,POR_VERIFICAR,e7b18a77aa8a8d6b6721e8a4,EVALUADO,Detectado en reporte oficial NEP; acceso abierto del documento aún no verificado.,,,
CAND-559B0C5AF08306C4,nep-lam,nep_report,https://d.repec.org/n?u=RePEc:iza:izadps:dp18877&r=lam,2026-10-02T18:29:35+00:00,,https://d.repec.org/n?u=RePEc:iza:izadps:dp18877,,,https://d.repec.org/n?u=RePEc:iza:izadps:dp18877&r=lam,https://d.repec.org/n?u=RePEc:iza:izadps:dp18877&r=lam,,,america-latina,novedad,20,0,sin_coincidencias,POR_VERIFICAR,5b991b303f0798d7586b4cf5,EVALUADO,Detectado en reporte oficial NEP; acceso abierto del documento aún no verificado.,,,
CAND-1F4312B167664C40,nep-ecm,nep_report,https://d.repec.org/n?u=RePEc:arx:papers:2608.22890&r=ecm,2026-10-02T18:29:35+00:00,,https://d.repec.org/n?u=RePEc:arx:papers:2608.22890,,,https://d.repec.org/n?u=RePEc:arx:papers:2608.22890&r=ecm,https://d.repec.org/n?u=RePEc:arx:papers:2608.22890&r=ecm,,,metodos,novedad,40,0,sin_coincidencias,POR_VERIFICAR,14ab97b274308a9a8254be41,EVALUADO,Detectado en reporte oficial NEP; acceso abierto del documento aún no verificado.,,,
CAND-1E364C4AC4CA7223,nep-ecm,nep_report,https://d.repec.org/n?u=RePEc:arx:papers:2608.23925&r=ecm,2026-10-02T18:29:35+00:00,,https://d.repec.org/n?u=RePEc:arx:papers:2608.23925,,,https://d.repec.org/n?u=RePEc:arx:papers:2608.23925&r=ecm,https://d.repec.org/n?u=RePEc:arx:papers:2608.23925&r=ecm,,,metodos,novedad,40,0,sin_coincidencias,POR_VERIFICAR,d395e759c503c8e1ccfcd392,EVALUADO,Detectado en reporte oficial NEP; acceso abierto del documento aún no verificado.,,,
CAND-7E5AC5A1C3C6DC42,nep-ecm,nep_report,https://d.repec.org/n?u=RePEc:arx:papers:2608.22957&r=ecm,2026-10-02T18:29:35+00:00,,https://d.repec.org/n?u=RePEc:arx:papers:2608.22957,,,https://d.repec.org/n?u=RePEc:arx:papers:2608.22957&r=ecm,https://d.repec.org/n?u=RePEc:arx:papers:2608.22957&r=ecm,,,metodos,novedad,40,0,sin_coincidencias,POR_VERIFICAR,c5f04b6e07d5576fc31a3475,EVALUADO,Detectado en reporte oficial NEP; acceso abierto del documento aún no verificado.,,,
CAND-F302FA0157E0110F,nep-ecm,nep_report,https://d.repec.org/n?u=RePEc:arx:papers:2608.18375&r=ecm,2026-10-02T18:29:35+00:00,,https://d.repec.org/n?u=RePEc:arx:papers:2608.18375,,,https://d.repec.org/n?u=RePEc:arx:papers:2608.18375&r=ecm,https://d.repec.org/n?u=RePEc:arx:papers:2608.18375&r=ecm,,,metodos,novedad,40,0,sin_coincidencias,POR_VERIFICAR,b4b0f9b95fea7492c781c037,EVALUADO,Detectado en reporte oficial NEP; acceso abierto del documento aún no verificado.,,,
CAND-12C65FA0D019933F,nep-ecm,nep_report,https://d.repec.org/n?u=RePEc:arx:papers:2608.00136&r=ecm,2026-10-02T18:29:35+00:00,,https://d.repec.org/n?u=RePEc:arx:papers:2608.00136,,,https://d.repec.org/n?u=RePEc:arx:papers:2608.00136&r=ecm,https://d.repec.org/n?u=RePEc:arx:papers:2608.00136&r=ecm,,,metodos,novedad,40,0,sin_coincidencias,POR_VERIFICAR,0762b095b9c802c3589b9f6e,EVALUADO,Detectado en reporte oficial NEP; acceso abierto del documento aún no verificado.,,,
CAND-0FEFB32198AB1221,nep-ecm,nep_report,https://d.repec.org/n?u=RePEc:tin:wpaper:20260060&r=ecm,2026-10-02T18:29:35+00:00,,https://d.repec.org/n?u=RePEc:tin:wpaper:20260060,,,https://d.repec.org/n?u=RePEc:tin:wpaper:20260060&r=ecm,https://d.repec.org/n?u=RePEc:tin:wpaper:20260060&r=ecm,,,metodos,novedad,40,0,sin_coincidencias,POR_VERIFICAR,51d92bb7b70507ccb80fb5c1,EVALUADO,Detectado en reporte oficial NEP; acceso abierto del documento aún no verificado.,,,
CAND-86C3D555F08533A5,nep-ecm,nep_report,https://d.repec.org/n?u=RePEc:tin:wpaper:20260061&r=ecm,2026-10-02T18:29:35+00:00,,https://d.repec.org/n?u=RePEc:tin:wpaper:20260061,,,https://d.repec.org/n?u=RePEc:tin:wpaper:20260061&r=ecm,https://d.repec.org/n?u=RePEc:tin:wpaper:20260061&r=ecm,,,metodos,novedad,40,0,sin_coincidencias,POR_VERIFICAR,429c2bde463180d638c2c055,EVALUADO,Detectado en reporte oficial NEP; acceso abierto del documento aún no verificado.,,,
CAND-73A3416FED6D54B4,nep-ecm,nep_report,https://d.repec.org/n?u=RePEc:arx:papers:2608.18973&r=ecm,2026-10-02T18:29:35+00:00,,https://d.repec.org/n?u=RePEc:arx:papers:2608.18973,,,https://d.repec.org/n?u=RePEc:arx:papers:2608.18973&r=ecm,https://d.repec.org/n?u=RePEc:arx:papers:2608.18973&r=ecm,,,metodos,novedad,40,0,sin_coincidencias,POR_VERIFICAR,b392ac96fff78256da2b7bb7,EVALUADO,Detectado en reporte oficial NEP; acceso abierto del documento aún no verificado.,,,
CAND-CAA75FFCC5A97FE8,nep-ecm,nep_report,https://d.repec.org/n?u=RePEc:arx:papers:2608.22706&r=ecm,2026-10-02T18:29:35+00:00,,https://d.repec.org/n?u=RePEc:arx:papers:2608.22706,,,https://d.repec.org/n?u=RePEc:arx:papers:2608.22706&r=ecm,https://d.repec.org/n?u=RePEc:arx:papers:2608.22706&r=ecm,,,metodos,novedad,40,0,sin_coincidencias,POR_VERIFICAR,0fc6424b8a5e309518c26fde,EVALUADO,Detectado en reporte oficial NEP; acceso abierto del documento aún no verificado.,,,
CAND-182633CB604F3D9A,nep-ecm,nep_report,https://d.repec.org/n?u=RePEc:arx:papers:2608.22286&r=ecm,2026-10-02T18:29:35+00:00,,https://d.repec.org/n?u=RePEc:arx:papers:2608.22286,,,https://d.repec.org/n?u=RePEc:arx:papers:2608.22286&r=ecm,https://d.repec.org/n?u=RePEc:arx:papers:2608.22286&r=ecm,,,metodos,novedad,40,0,sin_coincidencias,POR_VERIFICAR,4e038e8fe216dd2af418a846,EVALUADO,Detectado en reporte oficial NEP; acceso abierto del documento aún no verificado.,,,
CAND-B01A005713583BE5,nep-ecm,nep_report,https://d.repec.org/n?u=RePEc:tin:wpaper:20260055&r=ecm,2026-10-02T18:29:35+00:00,,https://d.repec.org/n?u=RePEc:tin:wpaper:20260055,,,https://d.repec.org/n?u=RePEc:tin:wpaper:20260055&r=ecm,https://d.repec.org/n?u=RePEc:tin:wpaper:20260055&r=ecm,,,metodos,novedad,40,0,sin_coincidencias,POR_VERIFICAR,8d61d251c923fd0e9e26608b,EVALUADO,Detectado en reporte oficial NEP; acceso abierto del documento aún no verificado.,,,
CAND-D12959D6F458E60B,nep-ecm,nep_report,https://d.repec.org/n?u=RePEc:arx:papers:2608.02943&r=ecm,2026-10-02T18:29:35+00:00,,https://d.repec.org/n?u=RePEc:arx:papers:2608.02943,,,https://d.repec.org/n?u=RePEc:arx:papers:2608.02943&r=ecm,https://d.repec.org/n?u=RePEc:arx:papers:2608.02943&r=ecm,,,metodos,novedad,40,0,sin_coincidencias,POR_VERIFICAR,4805482d6a3ef465e62c0f90,EVALUADO,Detectado en reporte oficial NEP; acceso abierto del documento aún no verificado.,,,
CAND-EAC1BCE0E9619C51,nep-ecm,nep_report,https://d.repec.org/n?u=RePEc:arx:papers:2608.18057&r=ecm,2026-10-02T18:29:35+00:00,,https://d.repec.org/n?u=RePEc:arx:papers:2608.18057,,,https://d.repec.org/n?u=RePEc:arx:papers:2608.18057&r=ecm,https://d.repec.org/n?u=RePEc:arx:papers:2608.18057&r=ecm,,,metodos,novedad,40,0,sin_coincidencias,POR_VERIFICAR,39a2825640f4300bd69942bc,EVALUADO,Detectado en reporte oficial NEP; acceso abierto del documento aún no verificado.,,,
CAND-D7ABF6B4D7060B1B,nep-ecm,nep_report,https://d.repec.org/n?u=RePEc:nbr:nberwo:35481&r=ecm,2026-10-02T18:29:35+00:00,,https://d.repec.org/n?u=RePEc:nbr:nberwo:35481,,,https://d.repec.org/n?u=RePEc:nbr:nberwo:35481&r=ecm,https://d.repec.org/n?u=RePEc:nbr:nberwo:35481&r=ecm,,,metodos,novedad,40,0,sin_coincidencias,POR_VERIFICAR,b079fa3503dce83449dea9ef,EVALUADO,Detectado en reporte oficial NEP; acceso abierto del documento aún no verificado.,,,
CAND-5B89826812BCEAA0,nep-ecm,nep_report,https://d.repec.org/n?u=RePEc:arx:papers:2608.23508&r=ecm,2026-10-02T18:29:35+00:00,,https://d.repec.org/n?u=RePEc:arx:papers:2608.23508,,,https://d.repec.org/n?u=RePEc:arx:papers:2608.23508&r=ecm,https://d.repec.org/n?u=RePEc:arx:papers:2608.23508&r=ecm,,,metodos,novedad,40,0,sin_coincidencias,POR_VERIFICAR,81628a24ed66e68e7e8148ba,EVALUADO,Detectado en reporte oficial NEP; acceso abierto del documento aún no verificado.,,,
CAND-12193A6C32A65F21,nep-ecm,nep_report,https://d.repec.org/n?u=RePEc:arx:papers:2608.04839&r=ecm,2026-10-02T18:29:35+00:00,,https://d.repec.org/n?u=RePEc:arx:papers:2608.04839,,,https://d.repec.org/n?u=RePEc:arx:papers:2608.04839&r=ecm,https://d.repec.org/n?u=RePEc:arx:papers:2608.04839&r=ecm,,,metodos,novedad,40,0,sin_coincidencias,POR_VERIFICAR,4f3cb3204dced4dddff16764,EVALUADO,Detectado en reporte oficial NEP; acceso abierto del documento aún no verificado.,,,
CAND-71334C8E07088EE5,nep-ecm,nep_report,https://d.repec.org/n?u=RePEc:arx:papers:2608.00336&r=ecm,2026-10-02T18:29:35+00:00,,https://d.repec.org/n?u=RePEc:arx:papers:2608.00336,,,https://d.repec.org/n?u=RePEc:arx:papers:2608.00336&r=ecm,https://d.repec.org/n?u=RePEc:arx:papers:2608.00336&r=ecm,,,metodos,novedad,40,0,sin_coincidencias,POR_VERIFICAR,05e26b6b6401a3254f7c9d1f,EVALUADO,Detectado en reporte oficial NEP; acceso abierto del documento aún no verificado.,,,
CAND-E65A0FA4BC696F9F,nep-ecm,nep_report,https://d.repec.org/n?u=RePEc:arx:papers:2607.29215&r=ecm,2026-10-02T18:29:35+00:00,,https://d.repec.org/n?u=RePEc:arx:papers:2607.29215,,,https://d.repec.org/n?u=RePEc:arx:papers:2607.29215&r=ecm,https://d.repec.org/n?u=RePEc:arx:papers:2607.29215&r=ecm,,,metodos,novedad,40,0,sin_coincidencias,POR_VERIFICAR,0f11a016c8795191646b8951,EVALUADO,Detectado en reporte oficial NEP; acceso abierto del documento aún no verificado.,,,
CAND-7DA370DA998B145D,nep-ecm,nep_report,https://d.repec.org/n?u=RePEc:arx:papers:2608.03486&r=ecm,2026-10-02T18:29:35+00:00,,https://d.repec.org/n?u=RePEc:arx:papers:2608.03486,,,https://d.repec.org/n?u=RePEc:arx:papers:2608.03486&r=ecm,https://d.repec.org/n?u=RePEc:arx:papers:2608.03486&r=ecm,,,metodos,novedad,40,0,sin_coincidencias,POR_VERIFICAR,ced7a238939326d95eb006bc,EVALUADO,Detectado en reporte oficial NEP; acceso abierto del documento aún no verificado.,,,
CAND-44055E79AB9A907A,nep-ecm,nep_report,https://d.repec.org/n?u=RePEc:nbr:nberwo:35633&r=ecm,2026-10-02T18:29:35+00:00,,https://d.repec.org/n?u=RePEc:nbr:nberwo:35633,,,https://d.repec.org/n?u=RePEc:nbr:nberwo:35633&r=ecm,https://d.repec.org/n?u=RePEc:nbr:nberwo:35633&r=ecm,,,metodos,novedad,40,0,sin_coincidencias,POR_VERIFICAR,d341342d537c158d7b68fd5e,EVALUADO,Detectado en reporte oficial NEP; acceso abierto del documento aún no verificado.,,,
CAND-D878CF8A5B7E4B48,nep-ecm,nep_report,https://d.repec.org/n?u=RePEc:arx:papers:2608.19634&r=ecm,2026-10-02T18:29:35+00:00,,https://d.repec.org/n?u=RePEc:arx:papers:2608.19634,,,https://d.repec.org/n?u=RePEc:arx:papers:2608.19634&r=ecm,https://d.repec.org/n?u=RePEc:arx:papers:2608.19634&r=ecm,,,metodos,novedad,40,0,sin_coincidencias,POR_VERIFICAR,fa10bd76ebb5c7168d4a4657,EVALUADO,Detectado en reporte oficial NEP; acceso abierto del documento aún no verificado.,,,
CAND-3BFEA3EAF9231263,nep-ecm,nep_report,https://d.repec.org/n?u=RePEc:arx:papers:2608.13224&r=ecm,2026-10-02T18:29:35+00:00,,https://d.repec.org/n?u=RePEc:arx:papers:2608.13224,,,https://d.repec.org/n?u=RePEc:arx:papers:2608.13224&r=ecm,https://d.repec.org/n?u=RePEc:arx:papers:2608.13224&r=ecm,,,metodos,novedad,40,0,sin_coincidencias,POR_VERIFICAR,f7b98f00d7df37e38a3a3d4f,EVALUADO,Detectado en reporte oficial NEP; acceso abierto del documento aún no verificado.,,,
CAND-20CA52AA0BC49103,nep-ecm,nep_report,https://d.repec.org/n?u=RePEc:arx:papers:2608.22499&r=ecm,2026-10-02T18:29:35+00:00,,https://d.repec.org/n?u=RePEc:arx:papers:2608.22499,,,https://d.repec.org/n?u=RePEc:arx:papers:2608.22499&r=ecm,https://d.repec.org/n?u=RePEc:arx:papers:2608.22499&r=ecm,,,metodos,novedad,40,0,sin_coincidencias,POR_VERIFICAR,e768268656064fa239c0a2cd,EVALUADO,Detectado en reporte oficial NEP; acceso abierto del documento aún no verificado.,,,
CAND-C4AD5A99A03362FC,nep-ecm,nep_report,https://d.repec.org/n?u=RePEc:nbr:nberwo:35547&r=ecm,2026-10-02T18:29:35+00:00,,https://d.repec.org/n?u=RePEc:nbr:nberwo:35547,,,https://d.repec.org/n?u=RePEc:nbr:nberwo:35547&r=ecm,https://d.repec.org/n?u=RePEc:nbr:nberwo:35547&r=ecm,,,metodos,novedad,40,0,sin_coincidencias,POR_VERIFICAR,c9120c8f8315edb5c669aa73,EVALUADO,Detectado en reporte oficial NEP; acceso abierto del documento aún no verificado.,,,
CAND-01A22858A6789DEE,nep-ecm,nep_report,https://d.repec.org/n?u=RePEc:arx:papers:2608.24362&r=ecm,2026-10-02T18:29:35+00:00,,https://d.repec.org/n?u=RePEc:arx:papers:2608.24362,,,https://d.repec.org/n?u=RePEc:arx:papers:2608.24362&r=ecm,https://d.repec.org/n?u=RePEc:arx:papers:2608.24362&r=ecm,,,metodos,novedad,40,0,sin_coincidencias,POR_VERIFICAR,2489dd9552f30121d9081c6f,EVALUADO,Detectado en reporte oficial NEP; acceso abierto del documento aún no verificado.,,,
CAND-8A9E61F9FD9A4619,nep-ecm,nep_report,https://d.repec.org/n?u=RePEc:arx:papers:2608.06053&r=ecm,2026-10-02T18:29:35+00:00,,https://d.repec.org/n?u=RePEc:arx:papers:2608.06053,,,https://d.repec.org/n?u=RePEc:arx:papers:2608.06053&r=ecm,https://d.repec.org/n?u=RePEc:arx:papers:2608.06053&r=ecm,,,metodos,novedad,40,0,sin_coincidencias,POR_VERIFICAR,40413d38327a2776e325c5db,EVALUADO,Detectado en reporte oficial NEP; acceso abierto del documento aún no verificado.,,,
CAND-1EBEE8BE77388A03,nep-ecm,nep_report,https://d.repec.org/n?u=RePEc:arx:papers:2608.23315&r=ecm,2026-10-02T18:29:35+00:00,,https://d.repec.org/n?u=RePEc:arx:papers:2608.23315,,,https://d.repec.org/n?u=RePEc:arx:papers:2608.23315&r=ecm,https://d.repec.org/n?u=RePEc:arx:papers:2608.23315&r=ecm,,,metodos,novedad,40,0,sin_coincidencias,POR_VERIFICAR,edcf5daef75b8dcffb439dd0,EVALUADO,Detectado en reporte oficial NEP; acceso abierto del documento aún no verificado.,,,
CAND-A559DA5F1C730862,nep-ecm,nep_report,https://d.repec.org/n?u=RePEc:arx:papers:2608.28115&r=ecm,2026-10-02T18:29:35+00:00,,https://d.repec.org/n?u=RePEc:arx:papers:2608.28115,,,https://d.repec.org/n?u=RePEc:arx:papers:2608.28115&r=ecm,https://d.repec.org/n?u=RePEc:arx:papers:2608.28115&r=ecm,,,metodos,novedad,40,0,sin_coincidencias,POR_VERIFICAR,ee3219a226ebb168a3672da2,EVALUADO,Detectado en reporte oficial NEP; acceso abierto del documento aún no verificado.,,,
CAND-AC5100A15A4729CE,nep-ecm,nep_report,https://d.repec.org/n?u=RePEc:udt:wpecon:2026_05&r=ecm,2026-10-02T18:29:35+00:00,,https://d.repec.org/n?u=RePEc:udt:wpecon:2026_05,,,https://d.repec.org/n?u=RePEc:udt:wpecon:2026_05&r=ecm,https://d.repec.org/n?u=RePEc:udt:wpecon:2026_05&r=ecm,,,metodos,novedad,40,0,sin_coincidencias,POR_VERIFICAR,1277b95a3cf7ef910e223ff5,EVALUADO,Detectado en reporte oficial NEP; acceso abierto del documento aún no verificado.,,,
CAND-0F9E34A42DD7E3DA,nep-ecm,nep_report,https://d.repec.org/n?u=RePEc:arx:papers:2608.21619&r=ecm,2026-10-02T18:29:35+00:00,,https://d.repec.org/n?u=RePEc:arx:papers:2608.21619,,,https://d.repec.org/n?u=RePEc:arx:papers:2608.21619&r=ecm,https://d.repec.org/n?u=RePEc:arx:papers:2608.21619&r=ecm,,,metodos,novedad,40,0,sin_coincidencias,POR_VERIFICAR,0a723187a6dd3707fc24562f,EVALUADO,Detectado en reporte oficial NEP; acceso abierto del documento aún no verificado.,,,
CAND-288063D9265E8B96,nep-ecm,nep_report,https://d.repec.org/n?u=RePEc:tin:wpaper:20260056&r=ecm,2026-10-02T18:29:35+00:00,,https://d.repec.org/n?u=RePEc:tin:wpaper:20260056,,,https://d.repec.org/n?u=RePEc:tin:wpaper:20260056&r=ecm,https://d.repec.org/n?u=RePEc:tin:wpaper:20260056&r=ecm,,,metodos,novedad,40,0,sin_coincidencias,POR_VERIFICAR,e6edbe5184a79f20ce92a6d3,EVALUADO,Detectado en reporte oficial NEP; acceso abierto del documento aún no verificado.,,,
CAND-6313112AF5D52427,nep-ecm,nep_report,https://d.repec.org/n?u=RePEc:arx:papers:2608.23064&r=ecm,2026-10-02T18:29:35+00:00,,https://d.repec.org/n?u=RePEc:arx:papers:2608.23064,,,https://d.repec.org/n?u=RePEc:arx:papers:2608.23064&r=ecm,https://d.repec.org/n?u=RePEc:arx:papers:2608.23064&r=ecm,,,metodos,novedad,40,0,sin_coincidencias,POR_VERIFICAR,ddafb227066a0798d1044860,EVALUADO,Detectado en reporte oficial NEP; acceso abierto del documento aún no verificado.,,,
CAND-923BF19E2731ADD3,nep-ecm,nep_report,https://d.repec.org/n?u=RePEc:arx:papers:2608.23524&r=ecm,2026-10-02T18:29:35+00:00,,https://d.repec.org/n?u=RePEc:arx:papers:2608.23524,,,https://d.repec.org/n?u=RePEc:arx:papers:2608.23524&r=ecm,https://d.repec.org/n?u=RePEc:arx:papers:2608.23524&r=ecm,,,metodos,novedad,40,0,sin_coincidencias,POR_VERIFICAR,b59825eec3407105efdd8fa0,EVALUADO,Detectado en reporte oficial NEP; acceso abierto del documento aún no verificado.,,,
CAND-2EBA65388E54637B,nep-ecm,nep_report,https://d.repec.org/n?u=RePEc:arx:papers:2608.03773&r=ecm,2026-10-02T18:29:35+00:00,,https://d.repec.org/n?u=RePEc:arx:papers:2608.03773,,,https://d.repec.org/n?u=RePEc:arx:papers:2608.03773&r=ecm,https://d.repec.org/n?u=RePEc:arx:papers:2608.03773&r=ecm,,,metodos,novedad,40,0,sin_coincidencias,POR_VERIFICAR,c2b41f5c4d736c48ed231a06,EVALUADO,Detectado en reporte oficial NEP; acceso abierto del documento aún no verificado.,,,
CAND-A35575A017E51083,nep-ecm,nep_report,https://d.repec.org/n?u=RePEc:ags:aaea26:404723&r=ecm,2026-10-02T18:29:35+00:00,,https://d.repec.org/n?u=RePEc:ags:aaea26:404723,,,https://d.repec.org/n?u=RePEc:ags:aaea26:404723&r=ecm,https://d.repec.org/n?u=RePEc:ags:aaea26:404723&r=ecm,,,metodos,novedad,40,0,sin_coincidencias,POR_VERIFICAR,83513254085a83e1fcfa0605,EVALUADO,Detectado en reporte oficial NEP; acceso abierto del documento aún no verificado.,,,
CAND-51BA04ACDFAC9ACA,nep-tid,nep_report,https://d.repec.org/n?u=RePEc:kgu:wpaper:314&r=tid,2026-10-02T18:29:35+00:00,,https://d.repec.org/n?u=RePEc:kgu:wpaper:314,,,https://d.repec.org/n?u=RePEc:kgu:wpaper:314&r=tid,https://d.repec.org/n?u=RePEc:kgu:wpaper:314&r=tid,,,desarrollo-estructura,novedad,35,0,sin_coincidencias,POR_VERIFICAR,041a85a4a437d4a342a08800,EVALUADO,Detectado en reporte oficial NEP; acceso abierto del documento aún no verificado.,,,
CAND-7DC642F8EE1F8DCB,nep-tid,nep_report,https://d.repec.org/n?u=RePEc:zbw:zewdip:343046&r=tid,2026-10-02T18:29:35+00:00,,https://d.repec.org/n?u=RePEc:zbw:zewdip:343046,,,https://d.repec.org/n?u=RePEc:zbw:zewdip:343046&r=tid,https://d.repec.org/n?u=RePEc:zbw:zewdip:343046&r=tid,,,desarrollo-estructura,novedad,35,0,sin_coincidencias,POR_VERIFICAR,472d2e30263fb6c593b8723f,EVALUADO,Detectado en reporte oficial NEP; acceso abierto del documento aún no verificado.,,,
CAND-983A8915C228D64B,nep-tid,nep_report,https://d.repec.org/n?u=RePEc:arx:papers:2609.08485&r=tid,2026-10-02T18:29:35+00:00,,https://d.repec.org/n?u=RePEc:arx:papers:2609.08485,,,https://d.repec.org/n?u=RePEc:arx:papers:2609.08485&r=tid,https://d.repec.org/n?u=RePEc:arx:papers:2609.08485&r=tid,,,desarrollo-estructura,novedad,35,0,sin_coincidencias,POR_VERIFICAR,e7747cee6d2779d126494d17,EVALUADO,Detectado en reporte oficial NEP; acceso abierto del documento aún no verificado.,,,
CAND-7722A65A56B9DDF9,nep-tid,nep_report,https://d.repec.org/n?u=RePEc:cep:cepdps:dp2211&r=tid,2026-10-02T18:29:35+00:00,,https://d.repec.org/n?u=RePEc:cep:cepdps:dp2211,,,https://d.repec.org/n?u=RePEc:cep:cepdps:dp2211&r=tid,https://d.repec.org/n?u=RePEc:cep:cepdps:dp2211&r=tid,,,desarrollo-estructura,novedad,35,0,sin_coincidencias,POR_VERIFICAR,2ab098eba3b1da8f05cdc2cf,EVALUADO,Detectado en reporte oficial NEP; acceso abierto del documento aún no verificado.,,,
CAND-C4247A32F5C9DC14,nep-tid,nep_report,https://d.repec.org/n?u=RePEc:irn:wpaper:26-09&r=tid,2026-10-02T18:29:35+00:00,,https://d.repec.org/n?u=RePEc:irn:wpaper:26-09,,,https://d.repec.org/n?u=RePEc:irn:wpaper:26-09&r=tid,https://d.repec.org/n?u=RePEc:irn:wpaper:26-09&r=tid,,,desarrollo-estructura,novedad,35,0,sin_coincidencias,POR_VERIFICAR,b97b124cbf6647d29c3fae74,EVALUADO,Detectado en reporte oficial NEP; acceso abierto del documento aún no verificado.,,,
CAND-C6E05B500500DF94,nep-tid,nep_report,https://d.repec.org/n?u=RePEc:eca:wpaper:2013/413551&r=tid,2026-10-02T18:29:35+00:00,,https://d.repec.org/n?u=RePEc:eca:wpaper:2013/413551,,,https://d.repec.org/n?u=RePEc:eca:wpaper:2013/413551&r=tid,https://d.repec.org/n?u=RePEc:eca:wpaper:2013/413551&r=tid,,,desarrollo-estructura,novedad,35,0,sin_coincidencias,POR_VERIFICAR,91b26a62df36bbbd2bd56447,EVALUADO,Detectado en reporte oficial NEP; acceso abierto del documento aún no verificado.,,,
CAND-4DFE6E6405C0F39C,nep-tid,nep_report,https://d.repec.org/n?u=RePEc:boe:boeewp:023581&r=tid,2026-10-02T18:29:35+00:00,,https://d.repec.org/n?u=RePEc:boe:boeewp:023581,,,https://d.repec.org/n?u=RePEc:boe:boeewp:023581&r=tid,https://d.repec.org/n?u=RePEc:boe:boeewp:023581&r=tid,,,desarrollo-estructura,novedad,35,0,sin_coincidencias,POR_VERIFICAR,cada139e98dfe90275325eb4,EVALUADO,Detectado en reporte oficial NEP; acceso abierto del documento aún no verificado.,,,
CAND-6FFB1A4A59A2AA36,nep-tid,nep_report,https://d.repec.org/n?u=RePEc:gre:wpaper:2026-21&r=tid,2026-10-02T18:29:35+00:00,,https://d.repec.org/n?u=RePEc:gre:wpaper:2026-21,,,https://d.repec.org/n?u=RePEc:gre:wpaper:2026-21&r=tid,https://d.repec.org/n?u=RePEc:gre:wpaper:2026-21&r=tid,,,desarrollo-estructura,novedad,35,0,sin_coincidencias,POR_VERIFICAR,ccb9a52a134cc68d696d2153,EVALUADO,Detectado en reporte oficial NEP; acceso abierto del documento aún no verificado.,,,
CAND-1372B93A2E032765,nep-tid,nep_report,https://d.repec.org/n?u=RePEc:nbr:nberwo:35703&r=tid,2026-10-02T18:29:35+00:00,,https://d.repec.org/n?u=RePEc:nbr:nberwo:35703,,,https://d.repec.org/n?u=RePEc:nbr:nberwo:35703&r=tid,https://d.repec.org/n?u=RePEc:nbr:nberwo:35703&r=tid,,,desarrollo-estructura,novedad,35,0,sin_coincidencias,POR_VERIFICAR,578a87f863a32a5dc9d35ac0,EVALUADO,Detectado en reporte oficial NEP; acceso abierto del documento aún no verificado.,,,
CAND-6EA0FBE06BDB9966,nep-tid,nep_report,https://d.repec.org/n?u=RePEc:nbr:nberwo:35519&r=tid,2026-10-02T18:29:35+00:00,,https://d.repec.org/n?u=RePEc:nbr:nberwo:35519,,,https://d.repec.org/n?u=RePEc:nbr:nberwo:35519&r=tid,https://d.repec.org/n?u=RePEc:nbr:nberwo:35519&r=tid,,,desarrollo-estructura,novedad,35,0,sin_coincidencias,POR_VERIFICAR,5266f96723356b3aad3db506,EVALUADO,Detectado en reporte oficial NEP; acceso abierto del documento aún no verificado.,,,
